uid,base_price,special_price,ap_start_date,ap_end_date,duration,service_name,service_caption,service_group_name,service_pricing_id,created_date,updated_date,appointment_id,final_price,deleted,booking_id,extra_time
98,12,12,2025-08-02 10:35:00,2025-08-02 10:40:00,5,Eyebrows Tidy,Wax,"",184,2025-06-27 09:36:07.197345,2025-06-27 09:36:07.197345,350465,12,f,144869,
98,37,37,2025-08-02 10:15:00,2025-08-02 10:35:00,20,Brazillian,Hot Wax,"",189,2025-06-27 09:36:07.197345,2025-06-27 09:36:07.197345,350466,37,f,144869,
67,130,130,2025-08-01 11:30:00,2025-08-01 13:30:00,120,Full Leg & High Bikini,,"",1420,2025-06-27 12:01:34.173826,2025-06-27 12:01:34.173826,350553,130,f,144895,
67,50,50,2025-07-20 11:00:00,2025-07-20 12:00:00,60,Hair style From,,"",730,2025-06-28 09:18:57.749451,2025-06-28 09:18:57.749451,350785,50,f,144974,
117,100,100,2025-08-09 10:00:00,2025-08-09 13:00:00,180,Full Head Highlight (Toner Not Inc.),Medium,"",1201,2025-06-28 15:05:09.427719,2025-06-28 15:05:09.427719,350937,100,f,145038,
111,30,28,2025-07-13 15:00:00,2025-07-13 15:40:00,40,Luxury Manicure,,"",1279,2025-06-28 16:50:53.719372,2025-06-28 16:50:53.719372,350973,28,f,145051,
113,40,40,2025-07-13 14:30:00,2025-07-13 15:15:00,45,Olaplex,From,"",1225,2025-06-28 16:50:53.719372,2025-06-28 16:50:53.719372,350972,40,f,145051,
111,17,15,2025-07-13 15:40:00,2025-07-13 16:00:00,20,Eyelash Tint,,"",1149,2025-06-28 16:50:53.719372,2025-06-28 16:50:53.719372,350970,15,f,145051,
113,30,30,2025-07-13 16:00:00,2025-07-13 17:00:00,60,Wash & Blowdry,Short,"",1174,2025-06-28 16:50:53.719372,2025-06-28 16:50:53.719372,350971,30,f,145051,
104,28,28,2025-07-13 11:00:00,2025-07-13 11:50:00,50,Wash & Blow Dry,Short price,"",345,2025-06-29 10:32:48.962723,2025-06-29 10:32:48.962723,351068,28,f,145095,
98,46,46,2025-07-18 10:00:00,2025-07-18 10:50:00,50,Individual Eyelashes (3 week top up),,"",231,2025-06-30 10:09:34.669571,2025-06-30 10:09:34.669571,351286,46,f,145168,
51,10,10,2025-07-18 17:40:00,2025-07-18 17:45:00,5,Under Arms,Hot Wax,"",423,2025-06-30 14:14:54.314862,2025-06-30 14:14:54.314862,351357,10,f,145199,
51,15,15,2025-07-18 17:00:00,2025-07-18 17:15:00,15,Full Arms,Strip Wax,"",426,2025-06-30 14:14:54.314862,2025-06-30 14:14:54.314862,351358,15,f,145199,
51,12,12,2025-07-18 17:45:00,2025-07-18 17:55:00,10,Bikini line,Hot Wax,"",427,2025-06-30 14:14:54.314862,2025-06-30 14:14:54.314862,351359,12,f,145199,
51,24,24,2025-07-18 17:15:00,2025-07-18 17:40:00,25,Full Legs,Strip Wax,"",429,2025-06-30 14:14:54.314862,2025-06-30 14:14:54.314862,351360,24,f,145199,
51,5,5,2025-07-18 17:55:00,2025-07-18 18:00:00,5,Eyebrows,THREADING,"",771,2025-06-30 14:14:54.314862,2025-06-30 14:14:54.314862,351361,5,f,145199,
111,37,28,2025-07-15 18:35:00,2025-07-15 19:00:00,25,Brazilian (Hot wax),,"",1242,2025-06-30 16:13:46.964886,2025-06-30 16:13:46.964886,351420,28,f,145208,
117,45,45,2025-07-26 21:10:00,2025-07-26 22:10:00,60,Wash & Blowdry,Long,"",1176,2025-06-30 17:47:53.763557,2025-06-30 17:47:53.763557,351447,45,f,145223,
117,130,130,2025-07-26 18:50:00,2025-07-26 21:10:00,140,Retouch Balayage (Toner Inc.),,"",1304,2025-06-30 17:47:53.763557,2025-06-30 17:47:53.763557,351448,130,f,145223,
117,45,45,2025-07-26 12:20:00,2025-07-26 13:20:00,60,Wash & Blowdry,Long,"",1176,2025-06-30 17:48:43.374442,2025-06-30 17:48:43.374442,351449,45,f,145224,
117,130,130,2025-07-26 10:00:00,2025-07-26 12:20:00,140,Retouch Balayage (Toner Inc.),,"",1304,2025-06-30 17:48:43.374442,2025-06-30 17:48:43.374442,351450,130,f,145224,
67,22,22,2025-07-14 10:00:00,2025-07-14 10:10:00,10,Bikini line,Hot Wax,"",194,2025-07-02 14:54:59.564981,2025-07-02 14:54:59.564981,351770,22,f,145346,
54,980,150,2025-07-15 09:30:00,2025-07-15 10:30:00,60,Buy 5 session get 2 free,Full face,"",1496,2025-07-03 08:24:36.079713,2025-07-03 08:24:36.079713,351846,150,f,145379,
98,28,28,2025-07-13 10:00:00,2025-07-13 10:25:00,25,Shellac nail Polish,,"",256,2025-07-03 09:33:00.169148,2025-07-03 09:33:00.169148,351858,28,f,145386,
111,40,35,2025-07-12 11:00:00,2025-07-12 11:55:00,55,"Luxury Pedicure ( Shape, Cuticle, Hard skin, Scrub, Massage,Polish )",,"",1286,2025-07-03 10:29:53.898571,2025-07-03 10:29:53.898571,351884,35,f,145397,
111,10,10,2025-07-12 11:55:00,2025-07-12 12:10:00,15,Shellac Removal,,"",1289,2025-07-03 10:29:53.898571,2025-07-03 10:29:53.898571,351885,10,f,145397,
36,28,28,2025-07-13 10:00:00,2025-07-13 10:25:00,25,Shellac nail Polish,,"",256,2025-07-03 09:36:15.399932,2025-07-03 09:36:15.399932,351863,28,f,145388,
36,28,28,2025-07-13 10:25:00,2025-07-13 10:55:00,30,Shellac Polish ( Shape & Polish),,"",702,2025-07-03 09:36:15.399932,2025-07-03 09:36:15.399932,351864,28,f,145388,
111,15,12,2025-07-29 17:30:00,2025-07-29 17:40:00,10,Underarms (Hot Wax),,"",1238,2025-07-03 20:52:10.052206,2025-07-03 20:52:10.052206,352064,12,f,145471,
111,25,18,2025-07-29 17:40:00,2025-07-29 17:55:00,15,Half Legs,,"",1240,2025-07-03 20:52:10.052206,2025-07-03 20:52:10.052206,352065,18,f,145471,
111,37,28,2025-07-29 17:55:00,2025-07-29 18:20:00,25,Brazilian (Hot wax),,"",1242,2025-07-03 20:52:10.052206,2025-07-03 20:52:10.052206,352066,28,f,145471,
117,160,160,2025-07-12 10:00:00,2025-07-12 13:00:00,180,Full Balayage (Toner Inc.),,"",1302,2025-07-04 09:41:09.50788,2025-07-04 09:41:09.50788,352112,160,f,145494,
117,55,55,2025-07-12 13:00:00,2025-07-12 14:00:00,60,Wash/Cut/Blowdry,Long,"",1172,2025-07-04 09:41:09.50788,2025-07-04 09:41:09.50788,352113,55,f,145494,
73,28,28,2025-07-12 13:00:00,2025-07-12 13:50:00,50,Wash & Blow Dry,Short price,"",345,2025-07-04 10:42:11.823774,2025-07-04 10:42:11.823774,352142,28,f,145015,
98,85,85,2025-08-01 12:00:00,2025-08-01 13:10:00,70,Hydra Facial With LED Light Therapy,,"",1430,2025-07-04 12:29:01.83415,2025-07-04 12:29:01.83415,352180,85,f,145513,
117,40,40,2025-07-16 12:00:00,2025-07-16 12:45:00,45,"Wash, Cut & Finish",Medium,"",1167,2025-07-04 12:32:30.1262,2025-07-04 12:32:30.1262,352183,40,f,145516,
67,45,45,2025-07-17 18:00:00,2025-07-17 18:50:00,50,Wash & Blow Dry,Extra long price,"",348,2025-07-04 13:21:07.260685,2025-07-04 13:21:07.260685,352214,45,f,145528,
67,86,86,2025-07-16 16:00:00,2025-07-16 17:30:00,90,Manicure & Pedicure with Shellac Polish,,"",831,2025-07-04 13:21:58.973032,2025-07-04 13:21:58.973032,352215,86,f,145529,
67,50,50,2025-07-16 17:30:00,2025-07-16 18:15:00,45,Russian Half Set,,"",1451,2025-07-04 13:21:58.973032,2025-07-04 13:21:58.973032,352216,50,f,145529,
101,40,40,2025-07-12 10:00:00,2025-07-12 10:40:00,40,Wash & Cut,Medium price,"",361,2025-07-04 13:33:56.950198,2025-07-04 13:33:56.950198,352226,40,f,145535,
111,50,45,2025-07-24 16:00:00,2025-07-24 16:45:00,45,Eyelash Lift Inc Eyelash Tint,,"",1152,2025-07-04 13:48:54.167762,2025-07-04 13:48:54.167762,352232,45,f,145537,
111,50,45,2025-07-24 16:45:00,2025-07-24 17:30:00,45,Eyelash Lift Inc Eyelash Tint,,"",1152,2025-07-04 13:49:14.182813,2025-07-04 13:49:14.182813,352233,45,f,145538,
67,7,7,2025-07-18 14:35:00,2025-07-18 14:40:00,5,Chin,Wax,"",166,2025-07-04 13:57:50.226383,2025-07-04 13:57:50.226383,352242,7,f,145542,
67,10,10,2025-07-18 14:30:00,2025-07-18 14:35:00,5,Eyebrows Tidy,Threading,"",185,2025-07-04 13:57:50.226383,2025-07-04 13:57:50.226383,352243,10,f,145542,
67,15,15,2025-07-18 14:40:00,2025-07-18 14:45:00,5,Under Arms,Hot Wax,"",742,2025-07-04 13:57:50.226383,2025-07-04 13:57:50.226383,352244,15,f,145542,
119,7,5,2025-07-13 12:05:00,2025-07-13 12:10:00,5,Upper lip,Threading,"",1128,2025-07-04 13:44:07.519526,2025-07-04 13:44:07.519526,352229,5,f,145536,
119,12,9,2025-07-13 12:10:00,2025-07-13 12:20:00,10,Face side,Waxing,"",1137,2025-07-04 13:44:07.519526,2025-07-04 13:44:07.519526,352230,9,f,145536,
119,10,10,2025-07-13 12:00:00,2025-07-13 12:05:00,5,Eyebrows,Threading,"",1126,2025-07-04 13:44:07.519526,2025-07-04 13:44:07.519526,352228,10,f,145536,
119,50,45,2025-07-13 12:20:00,2025-07-13 13:05:00,45,Eyelash Lift Inc Eyelash Tint,,"",1152,2025-07-04 13:44:07.519526,2025-07-04 13:44:07.519526,352231,45,f,145536,
104,35,35,2025-07-20 11:00:00,2025-07-20 11:50:00,50,Wash & Blow Dry,Medium price,"",346,2025-07-04 16:02:52.029674,2025-07-04 16:02:52.029674,352280,35,f,145563,
67,120,120,2025-08-13 17:30:00,2025-08-13 19:00:00,90,Hollywood,,"",1426,2025-07-05 11:23:07.413927,2025-07-05 11:23:07.413927,352406,120,f,145619,
51,20,15,2025-07-16 11:00:00,2025-07-16 11:42:00,42,"Luxury Manicure (Shape,Cuticle Work,Massage & Polish)",,"",483,2025-07-05 15:36:41.485376,2025-07-05 15:36:41.485376,352492,15,f,145656,
51,28,28,2025-07-16 11:42:00,2025-07-16 12:22:00,40,"Luxury Pedicure (shape, Cuticle,Scrub, massage & polish)",,"",488,2025-07-05 15:36:41.485376,2025-07-05 15:36:41.485376,352493,28,f,145656,
113,160,160,2025-07-11 10:30:00,2025-07-11 13:30:00,180,Full Balayage (Toner Inc.),,"",1302,2025-07-05 16:53:34.331941,2025-07-05 16:53:34.331941,352522,160,f,145665,
113,40,40,2025-07-11 13:30:00,2025-07-11 14:15:00,45,"Wash, Cut & Finish",Medium,"",1167,2025-07-05 16:53:34.331941,2025-07-05 16:53:34.331941,352523,40,f,145665,
104,38,38,2025-07-13 15:00:00,2025-07-13 15:50:00,50,Wash/Cut/Blow Dry,Short price,"",389,2025-07-05 17:30:34.434438,2025-07-05 17:30:34.434438,352538,38,f,143110,
111,50,45,2025-07-24 12:30:00,2025-07-24 13:15:00,45,Eyelash Lift Inc Eyelash Tint,,"",1152,2025-07-06 08:57:22.430621,2025-07-06 08:57:22.430621,352563,45,f,145686,
119,25,15,2025-07-13 10:00:00,2025-07-13 10:15:00,15,Half Arms,,"",1237,2025-07-06 09:00:21.362031,2025-07-06 09:00:21.362031,352565,15,f,145688,
119,15,12,2025-07-13 10:30:00,2025-07-13 10:40:00,10,Underarms (Hot Wax),,"",1238,2025-07-06 09:00:21.362031,2025-07-06 09:00:21.362031,352566,12,f,145688,
119,25,18,2025-07-13 10:15:00,2025-07-13 10:30:00,15,Half Legs,,"",1240,2025-07-06 09:00:21.362031,2025-07-06 09:00:21.362031,352567,18,f,145688,
119,40,35,2025-07-13 10:40:00,2025-07-13 11:05:00,25,Hollywood,,"",1275,2025-07-06 09:00:21.362031,2025-07-06 09:00:21.362031,352568,35,f,145688,
111,30,25,2025-07-19 16:30:00,2025-07-19 17:00:00,30,Full Face With Eyebrows,Threading,"",1144,2025-07-06 09:50:50.461616,2025-07-06 09:50:50.461616,352587,25,f,145699,
67,36,36,2025-07-22 09:30:00,2025-07-22 10:20:00,50,Individual Eyelash (2 Week Topup),,"",235,2025-07-06 09:26:58.227143,2025-07-06 09:26:58.227143,352578,36,f,145694,
98,25,25,2025-07-17 09:30:00,2025-07-17 09:45:00,15,Half Legs,Strip Wax,"",214,2025-07-06 09:46:28.725629,2025-07-06 09:46:28.725629,352582,25,f,145698,
98,70,70,2025-07-17 09:45:00,2025-07-17 11:25:00,100,Luxury Manicure & Pedicure,,"",802,2025-07-06 09:46:28.725629,2025-07-06 09:46:28.725629,352583,70,f,145698,
101,35,35,2025-07-12 10:40:00,2025-07-12 11:10:00,30,DRY CUT,Medium price,"",385,2025-07-06 09:58:58.402692,2025-07-06 09:58:58.402692,352593,35,f,145702,
101,17,17,2025-07-12 11:10:00,2025-07-12 11:40:00,30,Children GIRL (Up to 7 yer) Dry Cut,,"",681,2025-07-06 09:58:58.402692,2025-07-06 09:58:58.402692,352594,17,f,145702,
104,45,45,2025-07-13 14:00:00,2025-07-13 15:00:00,60,Wash/Cut/Blow Dry,Medium price,"",390,2025-07-06 11:21:11.688181,2025-07-06 11:21:11.688181,352630,45,f,145718,
104,105,105,2025-07-13 12:00:00,2025-07-13 14:00:00,120,Ombre/Balayage,Medium price,"",658,2025-07-06 11:21:11.688181,2025-07-06 11:21:11.688181,352631,105,f,145718,
54,80,70,2025-07-14 09:00:00,2025-07-14 11:00:00,120,Hybrid lashes,,"",1076,2025-07-06 11:35:20.355733,2025-07-06 11:35:20.355733,352637,70,f,145723,
51,70,50,2025-07-30 12:00:00,2025-07-30 13:20:00,80,Full Facial & Full body massage,,"",1641,2025-07-06 15:54:29.099712,2025-07-06 15:54:29.099712,352742,50,f,145751,
36,28,28,2025-07-12 11:30:00,2025-07-12 12:00:00,30,Shellac Polish ( Shape & Polish),,"",702,2025-07-06 17:25:09.95207,2025-07-06 17:25:09.95207,352755,28,f,145754,
44,30,30,2025-07-11 09:15:00,2025-07-11 09:40:00,25,Salon Root's colour (5cm),Short price,"",555,2025-07-06 13:39:21.758182,2025-07-06 13:39:21.758182,352698,30,f,145482,
73,125,125,2025-07-18 10:00:00,2025-07-18 12:30:00,150,Full Head Highlight( Toner not Inc.),Extra long price,"",359,2025-07-07 09:42:22.36518,2025-07-07 09:42:22.36518,352793,125,f,145773,
73,55,55,2025-07-18 13:00:00,2025-07-18 14:00:00,60,Wash/Cut/Blow Dry,Extra long price,"",392,2025-07-07 09:42:22.36518,2025-07-07 09:42:22.36518,352794,55,f,145773,
73,35,35,2025-07-18 12:30:00,2025-07-18 13:00:00,30,Toner from,long price,"",1121,2025-07-07 09:42:22.36518,2025-07-07 09:42:22.36518,352795,35,f,145773,
101,72,72,2025-07-18 10:00:00,2025-07-18 11:40:00,100,Full Head Colour From,Long price,"",378,2025-07-07 11:12:50.839228,2025-07-07 11:12:50.839228,352821,72,f,145784,
101,50,50,2025-07-18 11:40:00,2025-07-18 12:40:00,60,Wash/Cut/Blow Dry,Long price,"",391,2025-07-07 11:12:50.839228,2025-07-07 11:12:50.839228,352822,50,f,145784,
111,50,45,2025-07-11 16:30:00,2025-07-11 17:15:00,45,Eyelash Lift Inc Eyelash Tint,,"",1152,2025-07-07 12:19:02.0544,2025-07-07 12:19:02.0544,352850,45,f,145794,
67,48,48,2025-07-15 17:30:00,2025-07-15 18:15:00,45,Eyelash Lift Inc Eyelash tint,,"",741,2025-07-07 13:55:51.977871,2025-07-07 13:55:51.977871,352883,48,f,145809,
117,45,45,2025-07-11 17:30:00,2025-07-11 18:30:00,60,Wash/Cut/Blowdry,Medium,"",1171,2025-07-07 12:26:32.93745,2025-07-07 12:26:32.93745,352857,45,f,145797,
101,38,38,2025-07-12 12:30:00,2025-07-12 13:20:00,50,Wash/Cut/Blow Dry,Short price,"",389,2025-07-07 16:56:56.207024,2025-07-07 16:56:56.207024,352936,38,f,145834,
119,50,45,2025-07-12 10:00:00,2025-07-12 10:55:00,55,Pedicure With Shellac Polish,,"",1290,2025-07-07 15:38:31.31269,2025-07-07 15:38:31.31269,352916,45,f,145826,
67,28,28,2025-08-21 17:45:00,2025-08-21 18:15:00,30,Shellac Polish ( Shape & Polish),,"",702,2025-07-07 17:27:10.607733,2025-07-07 17:27:10.607733,352958,28,f,145840,
67,50,50,2025-08-21 17:00:00,2025-08-21 17:45:00,45,Russian Half Set,,"",1451,2025-07-07 17:27:10.607733,2025-07-07 17:27:10.607733,352959,50,f,145840,
67,40,40,2025-08-22 08:15:00,2025-08-22 09:05:00,50,Wash & Blow Dry,Long price,"",347,2025-07-07 17:28:09.194481,2025-07-07 17:28:09.194481,352960,40,f,145841,
67,35,35,2025-08-22 09:05:00,2025-08-22 09:25:00,20,Eyes Makeup Only,,"",822,2025-07-07 17:28:09.194481,2025-07-07 17:28:09.194481,352961,35,f,145841,
104,45,45,2025-08-02 14:00:00,2025-08-02 15:00:00,60,Wash/Cut/Blow Dry,Medium price,"",390,2025-07-07 22:12:55.583236,2025-07-07 22:12:55.583236,352971,45,f,145848,
98,35,35,2025-08-02 15:00:00,2025-08-02 16:00:00,60,Your Colour Application (Roots) From,,"",736,2025-07-07 22:12:55.583236,2025-07-07 22:12:55.583236,352972,35,f,145848,
36,39,39,2025-07-12 12:00:00,2025-07-12 12:45:00,45,"Luxury Pedicure (shape, Cuticle,Dead Skin Removal , Scrub, massage & polish)",,"",261,2025-07-07 22:38:47.999366,2025-07-07 22:38:47.999366,352973,39,f,145849,
36,33,33,2025-07-12 12:45:00,2025-07-12 13:25:00,40,Shellac polish & Removal,,"",832,2025-07-07 22:38:47.999366,2025-07-07 22:38:47.999366,352974,33,f,145849,
111,20,20,2025-07-13 16:00:00,2025-07-13 16:15:00,15,Hips (Buttocks),,"",1249,2025-07-08 10:09:17.447921,2025-07-08 10:09:17.447921,353014,20,f,145790,
111,75,50,2025-07-13 16:15:00,2025-07-13 16:55:00,40,Hollywood & Full Legs,,"",1461,2025-07-08 10:09:17.447921,2025-07-08 10:09:17.447921,353015,50,f,145790,
111,30,25,2025-07-13 11:00:00,2025-07-13 11:30:00,30,Shellac Polish (Shape & Polish),,"",1281,2025-07-08 10:10:51.201136,2025-07-08 10:10:51.201136,353016,25,f,145863,
111,20,15,2025-07-13 11:30:00,2025-07-13 11:55:00,25,File & Polish,,"",1284,2025-07-08 10:10:51.201136,2025-07-08 10:10:51.201136,353017,15,f,145863,
113,35,35,2025-07-12 10:00:00,2025-07-12 11:00:00,60,Wash & Blowdry,Medium,"",1175,2025-07-08 10:12:07.409949,2025-07-08 10:12:07.409949,353018,35,f,145864,
119,30,20,2025-07-11 10:10:00,2025-07-11 10:30:00,20,Full Arms,,"",1236,2025-07-08 09:52:19.524549,2025-07-08 09:52:19.524549,352997,20,f,145858,
119,40,35,2025-07-11 10:40:00,2025-07-11 11:05:00,25,Hollywood,,"",1275,2025-07-08 09:52:19.524549,2025-07-08 09:52:19.524549,352999,35,f,145858,
119,15,12,2025-07-11 10:30:00,2025-07-11 10:40:00,10,Underarms (Hot Wax),,"",1238,2025-07-08 09:52:19.524549,2025-07-08 09:52:19.524549,352998,12,f,145858,
119,35,30,2025-07-11 11:05:00,2025-07-11 11:30:00,25,Full Face With Eyebrows,Waxing,"",1145,2025-07-08 09:52:19.524549,2025-07-08 09:52:19.524549,352996,30,f,145858,
119,25,18,2025-07-11 18:40:00,2025-07-11 18:55:00,15,Half Legs,,"",1240,2025-07-07 17:43:29.714484,2025-07-07 17:43:29.714484,352965,18,f,145844,
119,40,35,2025-07-11 18:55:00,2025-07-11 19:20:00,25,Hollywood,,"",1275,2025-07-07 17:43:29.714484,2025-07-07 17:43:29.714484,352966,35,f,145844,
119,15,12,2025-07-11 18:30:00,2025-07-11 18:40:00,10,Underarms (Hot Wax),,"",1238,2025-07-07 17:43:29.714484,2025-07-07 17:43:29.714484,352964,12,f,145844,
67,40,40,2025-07-18 18:00:00,2025-07-18 19:00:00,60,BAIB overlay,,"",1456,2025-07-08 13:10:17.615677,2025-07-08 13:10:17.615677,353091,40,f,145891,
67,40,40,2025-07-12 14:30:00,2025-07-12 15:20:00,50,Wash & Blow Dry,Long price,"",347,2025-07-08 11:41:47.765215,2025-07-08 11:41:47.765215,353070,40,f,145878,
111,25,20,2025-07-11 12:00:00,2025-07-11 12:30:00,30,Express Manicure,,"",1278,2025-07-08 11:45:49.9603,2025-07-08 11:45:49.9603,353071,20,f,145879,
111,30,30,2025-07-11 12:30:00,2025-07-11 13:00:00,30,"Express Pedicure ( Shape, Cuticle, Buff & Polish)",,"",1285,2025-07-08 11:45:49.9603,2025-07-08 11:45:49.9603,353072,30,f,145879,
98,36,36,2025-07-12 13:00:00,2025-07-12 13:50:00,50,Individual Eyelash (2 Week Topup),,"",235,2025-07-08 13:51:32.04417,2025-07-08 13:51:32.04417,353110,36,f,145899,
67,12,12,2025-07-14 13:30:00,2025-07-14 13:35:00,5,Eyebrows Tidy,Wax,"",184,2025-07-08 14:39:13.553941,2025-07-08 14:39:13.553941,353151,12,f,145906,
67,26,26,2025-07-14 13:55:00,2025-07-14 14:05:00,10,High Bikini,Hot Wax,"",197,2025-07-08 14:39:13.553941,2025-07-08 14:39:13.553941,353152,26,f,145906,
67,17,17,2025-07-14 13:35:00,2025-07-14 13:50:00,15,Eyelash Tint,,"",240,2025-07-08 14:39:13.553941,2025-07-08 14:39:13.553941,353153,17,f,145906,
67,15,15,2025-07-14 13:50:00,2025-07-14 13:55:00,5,Under Arms,Hot Wax,"",742,2025-07-08 14:39:13.553941,2025-07-08 14:39:13.553941,353154,15,f,145906,
117,100,100,2025-07-16 11:30:00,2025-07-16 14:30:00,180,Full Head Highlight (Toner Not Inc.),Medium,"",1201,2025-07-08 14:43:39.012512,2025-07-08 14:43:39.012512,353155,100,f,145907,
111,85,70,2025-07-12 12:30:00,2025-07-12 14:00:00,90,Russian Lashes,,"",1159,2025-07-08 14:47:01.555042,2025-07-08 14:47:01.555042,353156,70,f,145908,
113,45,45,2025-07-11 14:15:00,2025-07-11 15:15:00,60,Wash/Cut/Blowdry,Medium,"",1171,2025-07-09 06:57:14.968148,2025-07-09 06:57:14.968148,353198,45,f,145924,
73,28,28,2025-07-12 10:15:00,2025-07-12 11:05:00,50,Wash & Blow Dry,Short price,"",345,2025-07-09 08:29:16.069259,2025-07-09 08:29:16.069259,353202,28,f,145928,
119,50,45,2025-07-15 17:45:00,2025-07-15 18:40:00,55,Pedicure With Shellac Polish,,"",1290,2025-07-09 08:58:40.082117,2025-07-09 08:58:40.082117,353220,45,f,145937,
119,35,35,2025-07-15 17:15:00,2025-07-15 17:45:00,30,Shape & Polish with French Tips (Shellac),,"",1277,2025-07-09 08:58:40.082117,2025-07-09 08:58:40.082117,353219,35,f,145937,
111,20,20,2025-07-11 18:40:00,2025-07-11 18:55:00,15,Hips (Buttocks),,"",1249,2025-07-09 09:00:12.651756,2025-07-09 09:00:12.651756,353221,20,f,145938,
111,75,50,2025-07-11 18:00:00,2025-07-11 18:40:00,40,Hollywood & Full Legs,,"",1461,2025-07-09 09:00:12.651756,2025-07-09 09:00:12.651756,353222,50,f,145938,
111,40,35,2025-07-11 13:30:00,2025-07-11 14:25:00,55,"Luxury Pedicure ( Shape, Cuticle, Hard skin, Scrub, Massage,Polish )",,"",1286,2025-07-09 09:01:05.694163,2025-07-09 09:01:05.694163,353223,35,f,145939,
111,75,60,2025-07-14 10:15:00,2025-07-14 11:30:00,75,Classic Full Set,,"",1156,2025-07-09 09:19:08.780333,2025-07-09 09:19:08.780333,353226,60,f,145941,
111,37,28,2025-07-16 18:40:00,2025-07-16 19:05:00,25,Brazilian (Hot wax),,"",1242,2025-07-09 09:30:11.71292,2025-07-09 09:30:11.71292,353229,28,f,145942,
111,50,45,2025-07-16 16:00:00,2025-07-16 16:45:00,45,Eyelash Lift Inc Eyelash Tint,,"",1152,2025-07-09 12:41:38.327003,2025-07-09 12:41:38.327003,353299,45,f,145972,
111,45,35,2025-07-16 15:15:00,2025-07-16 16:00:00,45,Brow Lamination,,"",1153,2025-07-09 12:41:38.327003,2025-07-09 12:41:38.327003,353300,35,f,145972,
73,45,45,2025-07-12 12:35:00,2025-07-12 13:15:00,40,Wash & Cut,Long price,"",362,2025-07-09 13:46:57.556545,2025-07-09 13:46:57.556545,353337,45,f,145980,
73,25,25,2025-07-12 12:05:00,2025-07-12 12:35:00,30,Toner from,medium price,"",1122,2025-07-09 13:46:57.556545,2025-07-09 13:46:57.556545,353338,25,f,145980,
104,115,115,2025-07-17 10:00:00,2025-07-17 12:00:00,120,Ombre/Balayage,Long price,"",659,2025-07-09 13:47:35.847787,2025-07-09 13:47:35.847787,353339,115,f,145730,
54,10,10,2025-07-16 10:20:00,2025-07-16 10:25:00,5,Under Arms,Hot Wax,"",423,2025-07-09 14:10:09.726682,2025-07-09 14:10:09.726682,353347,10,f,145983,
54,18,18,2025-07-16 10:25:00,2025-07-16 10:40:00,15,Half Legs,Strip Wax,"",456,2025-07-09 14:10:09.726682,2025-07-09 14:10:09.726682,353348,18,f,145983,
54,40,35,2025-07-16 09:30:00,2025-07-16 10:20:00,50,Pedicure With Shellac Polish,,"",493,2025-07-09 14:10:09.726682,2025-07-09 14:10:09.726682,353349,35,f,145983,
112,80,80,2025-07-13 11:00:00,2025-07-13 12:15:00,75,Russian Volume look,,"",1646,2025-07-09 15:05:41.206304,2025-07-09 15:05:41.206304,353367,80,f,145992,
44,100,80,2025-07-29 15:00:00,2025-07-29 17:00:00,120,Brazilian Blow dry,Long price,"",538,2025-07-09 16:42:38.660504,2025-07-09 16:42:38.660504,353389,80,f,146001,
117,40,40,2025-07-14 16:45:00,2025-07-14 17:30:00,45,"Wash, Cut & Finish",Medium,"",1167,2025-07-09 16:48:29.253199,2025-07-09 16:48:29.253199,353390,40,f,146002,
44,35,35,2025-07-11 12:30:00,2025-07-11 12:55:00,25,Amonia Free Root Color From,Short price,"",558,2025-07-09 16:52:15.686896,2025-07-09 16:52:15.686896,353391,35,f,146003,
119,50,45,2025-07-13 14:00:00,2025-07-13 14:55:00,55,Pedicure With Shellac Polish,,"",1290,2025-07-09 17:15:09.647138,2025-07-09 17:15:09.647138,353397,45,f,146008,
73,35,35,2025-07-11 10:30:00,2025-07-11 11:20:00,50,Wash & Blow Dry,Medium price,"",346,2025-07-09 17:18:13.590321,2025-07-09 17:18:13.590321,353399,35,f,146010,
51,30,30,2025-07-11 10:30:00,2025-07-11 11:10:00,40,Flare Lashes from,,"",458,2025-07-09 17:24:56.866392,2025-07-09 17:24:56.866392,353400,30,f,146011,
119,15,15,2025-07-12 13:00:00,2025-07-12 13:25:00,25,Shape & Polish,,"",1276,2025-07-09 17:27:56.164046,2025-07-09 17:27:56.164046,353407,15,f,146012,
122,30,25,2025-07-12 09:00:00,2025-07-12 09:40:00,40,Full Facial,,"",515,2025-07-09 16:57:52.521832,2025-07-09 16:57:52.521832,353394,25,f,146006,
117,55,55,2025-07-14 10:00:00,2025-07-14 11:00:00,60,Wash & Blowdry,Extra Long,"",1177,2025-07-10 04:46:44.838494,2025-07-10 04:46:44.838494,353422,55,f,146019,
73,40,40,2025-07-14 12:10:00,2025-07-14 13:00:00,50,Wash & Blow Dry,Long price,"",347,2025-07-09 17:34:58.661738,2025-07-09 17:34:58.661738,353415,40,f,146015,
122,20,20,2025-07-12 10:00:00,2025-07-12 10:15:00,15,"Mini Facial ( cleanser, scrub, massage)",,"",518,2025-07-09 16:56:51.51967,2025-07-09 16:56:51.51967,353393,20,f,146005,
73,10,10,2025-07-14 12:05:00,2025-07-14 12:10:00,5,Eyebrows Tidy,Threading,"",185,2025-07-09 17:34:58.661738,2025-07-09 17:34:58.661738,353414,10,f,146015,
67,35,35,2025-07-11 11:15:00,2025-07-11 12:05:00,50,Wash & Blow Dry,Medium price,"",346,2025-07-10 09:12:32.607868,2025-07-10 09:12:32.607868,353446,35,f,146028,
98,40,40,2025-07-18 18:00:00,2025-07-18 19:00:00,60,BIAB Infill,,"",1455,2025-07-10 10:36:03.204083,2025-07-10 10:36:03.204083,353486,40,f,146042,
51,40,32,2025-07-14 09:15:00,2025-07-14 10:15:00,60,"Wash, Cut and Blow dry",Long price,"",545,2025-07-10 10:04:34.285731,2025-07-10 10:04:34.285731,353471,32,f,146038,
51,35,28,2025-07-14 10:15:00,2025-07-14 11:00:00,45,"Wash, Cut and Blow dry",Medium price,"",544,2025-07-10 10:04:34.285731,2025-07-10 10:04:34.285731,353470,28,f,146038,
101,45,45,2025-07-16 18:00:00,2025-07-16 19:30:00,90,Root's Colour From,,"",734,2025-07-10 10:42:32.410291,2025-07-10 10:42:32.410291,353488,45,f,146044,
51,30,25,2025-07-12 15:30:00,2025-07-12 16:10:00,40,Manicure With Shellac Polish,,"",479,2025-07-10 10:52:11.421515,2025-07-10 10:52:11.421515,353489,25,f,146045,
51,5,5,2025-07-12 15:25:00,2025-07-12 15:30:00,5,Eyebrows,THREADING,"",771,2025-07-10 10:52:11.421515,2025-07-10 10:52:11.421515,353490,5,f,146045,
44,20,20,2025-07-12 15:00:00,2025-07-12 15:25:00,25,Your Colour Root Apply,,"",796,2025-07-10 10:52:11.421515,2025-07-10 10:52:11.421515,353491,20,f,146045,
101,50,50,2025-07-11 10:30:00,2025-07-11 11:30:00,60,Wash/Cut/Blow Dry,Long price,"",391,2025-07-10 10:54:34.409643,2025-07-10 10:54:34.409643,353493,50,f,146047,
67,33,33,2025-07-12 17:00:00,2025-07-12 17:40:00,40,Shellac polish & Removal,,"",832,2025-07-10 11:38:52.252693,2025-07-10 11:38:52.252693,353515,33,f,146051,
51,25,25,2025-07-12 17:00:00,2025-07-12 17:15:00,15,Full Face With Eyebrows,WAXING,"",790,2025-07-10 11:39:49.502215,2025-07-10 11:39:49.502215,353516,25,f,146052,
98,70,70,2025-07-14 10:30:00,2025-07-14 12:10:00,100,Luxury Manicure & Pedicure,,"",802,2025-07-10 11:40:07.057457,2025-07-10 11:40:07.057457,353517,70,f,146016,
117,40,40,2025-07-12 11:30:00,2025-07-12 12:10:00,40,Toner,Long,"",1221,2025-07-10 11:48:09.206429,2025-07-10 11:48:09.206429,353521,40,f,145571,
113,55,55,2025-07-11 16:15:00,2025-07-11 17:15:00,60,Wash/Cut/Blowdry,Long,"",1172,2025-07-10 11:50:43.930059,2025-07-10 11:50:43.930059,353526,55,f,146055,
119,40,35,2025-07-11 12:30:00,2025-07-11 12:55:00,25,Hollywood,,"",1275,2025-07-10 12:40:52.252142,2025-07-10 12:40:52.252142,353547,35,f,143226,
44,35,28,2025-07-11 15:45:00,2025-07-11 16:25:00,40,Wash & cut,Long price,"",592,2025-07-10 12:42:12.347923,2025-07-10 12:42:12.347923,353548,28,f,146061,
131,39,39,2025-07-11 12:30:00,2025-07-11 13:15:00,45,"Luxury Pedicure (shape, Cuticle,Dead Skin Removal , Scrub, massage & polish)",,"",261,2025-07-10 11:26:05.505439,2025-07-10 11:26:05.505439,353508,39,f,146050,
119,40,35,2025-07-11 12:30:00,2025-07-11 12:55:00,25,Hollywood,,"",1275,2025-07-10 12:57:32.563395,2025-07-10 12:57:32.563395,353561,35,f,146064,
73,45,45,2025-07-14 13:00:00,2025-07-14 14:30:00,90,Root's Colour From,,"",734,2025-07-10 13:26:41.497243,2025-07-10 13:26:41.497243,353567,45,f,146068,
113,45,45,2025-07-12 13:00:00,2025-07-12 14:00:00,60,Wash/Cut/Blowdry,Medium,"",1171,2025-07-10 13:27:57.983706,2025-07-10 13:27:57.983706,353568,45,f,146069,
113,70,70,2025-07-12 11:30:00,2025-07-12 13:00:00,90,Full Head Colour,Medium,"",1185,2025-07-10 13:27:57.983706,2025-07-10 13:27:57.983706,353569,70,f,146069,
51,5,5,2025-07-12 10:20:00,2025-07-12 10:25:00,5,Eyebrows,THREADING,"",771,2025-07-10 14:21:07.899013,2025-07-10 14:21:07.899013,353613,5,f,146074,
117,40,40,2025-07-11 18:15:00,2025-07-11 19:00:00,45,"Wash, Cut & Finish",Medium,"",1167,2025-07-10 15:39:56.086682,2025-07-10 15:39:56.086682,353669,40,f,146084,
54,80,70,2025-07-25 17:00:00,2025-07-25 19:00:00,120,Hybrid lashes,,"",1076,2025-07-10 15:56:44.535057,2025-07-10 15:56:44.535057,353677,70,f,146086,
111,10,10,2025-07-11 16:15:00,2025-07-11 16:35:00,20,Shellac Removal,,"",1282,2025-07-10 15:53:07.484106,2025-07-10 15:53:07.484106,353675,10,f,146013,
111,10,10,2025-07-11 16:35:00,2025-07-11 16:40:00,5,Eyebrows,Threading,"",1126,2025-07-10 15:53:07.484106,2025-07-10 15:53:07.484106,353676,10,f,146013,
54,30,30,2025-07-12 12:00:00,2025-07-12 12:40:00,40,russian eyelashes (2 week top up),,"",1047,2025-07-10 14:39:42.297271,2025-07-10 14:39:42.297271,353644,30,f,146077,
54,25,20,2025-07-15 14:30:00,2025-07-15 14:50:00,20,Dry Cut,Medium price,"",1373,2025-07-10 16:23:17.820135,2025-07-10 16:23:17.820135,353695,20,f,146091,
113,45,45,2025-07-20 10:00:00,2025-07-20 11:00:00,60,Wash/Cut/Blowdry,Medium,"",1171,2025-07-10 16:49:45.170437,2025-07-10 16:49:45.170437,353720,45,f,145996,
113,100,100,2025-07-20 11:00:00,2025-07-20 14:00:00,180,Full Head Highlight (Toner Not Inc.),Medium,"",1201,2025-07-10 16:49:45.170437,2025-07-10 16:49:45.170437,353721,100,f,145996,
73,17,17,2025-07-11 13:00:00,2025-07-11 13:30:00,30,Children GIRL (Up to 7 yer) Dry Cut,,"",681,2025-07-10 17:30:50.884286,2025-07-10 17:30:50.884286,353740,17,f,146101,
101,40,40,2025-07-11 14:00:00,2025-07-11 14:50:00,50,Wash & Blow Dry,Long price,"",347,2025-07-11 08:47:27.011178,2025-07-11 08:47:27.011178,353807,40,f,146129,
36,26,26,2025-07-11 10:25:00,2025-07-11 10:35:00,10,High Bikini,Hot Wax,"",197,2025-07-11 07:15:05.156295,2025-07-11 07:15:05.156295,353787,26,f,146117,
119,10,10,2025-07-11 13:30:00,2025-07-11 13:35:00,5,Eyebrows,Threading,"",1126,2025-07-10 18:14:25.534723,2025-07-10 18:14:25.534723,353776,10,f,146110,
119,10,7,2025-07-11 13:35:00,2025-07-11 13:40:00,5,Ears Wax,,"",1379,2025-07-10 18:14:25.534723,2025-07-10 18:14:25.534723,353777,7,f,146110,
119,10,7,2025-07-11 13:40:00,2025-07-11 13:45:00,5,Nose Inside,,"",1442,2025-07-10 18:14:25.534723,2025-07-10 18:14:25.534723,353778,7,f,146110,
113,70,70,2025-07-12 14:00:00,2025-07-12 15:00:00,60,Hair Up,From,"",1228,2025-07-10 19:18:27.526868,2025-07-10 19:18:27.526868,353779,70,f,146111,
54,20,20,2025-07-15 13:00:00,2025-07-15 13:25:00,25,Your Colour Root Apply,,"",796,2025-07-10 20:14:42.104445,2025-07-10 20:14:42.104445,353780,20,f,146112,
132,40,40,2025-07-13 10:00:00,2025-07-13 11:00:00,60,BIAB Infill,,"",1455,2025-07-10 20:30:47.679952,2025-07-10 20:30:47.679952,353781,40,f,146113,
73,40,40,2025-07-12 14:00:00,2025-07-12 14:40:00,40,Wash & Cut,Medium price,"",361,2025-07-11 07:21:35.395203,2025-07-11 07:21:35.395203,353789,40,f,146118,
44,30,24,2025-07-11 09:00:00,2025-07-11 09:50:00,50,Wash and Blow Dry,Long price,"",610,2025-07-11 08:02:50.933901,2025-07-11 08:02:50.933901,353790,24,f,146119,
51,15,15,2025-07-11 12:00:00,2025-07-11 12:20:00,20,Saree Draping,,"",1065,2025-07-11 08:10:04.683798,2025-07-11 08:10:04.683798,353796,15,f,146123,
44,28,23,2025-07-11 09:00:00,2025-07-11 09:25:00,25,Dry Cut,Long price,"",1374,2025-07-11 08:28:50.939201,2025-07-11 08:28:50.939201,353798,23,f,145915,
51,5,5,2025-07-11 09:25:00,2025-07-11 09:30:00,5,Eyebrows,THREADING,"",771,2025-07-11 08:28:50.939201,2025-07-11 08:28:50.939201,353799,5,f,145915,
51,4,4,2025-07-11 09:30:00,2025-07-11 09:35:00,5,Upper Lip,WAXING,"",774,2025-07-11 08:28:50.939201,2025-07-11 08:28:50.939201,353800,4,f,145915,
73,35,35,2025-07-11 10:00:00,2025-07-11 11:00:00,60,Your Colour Application (Roots) From,,"",736,2025-07-11 08:48:03.498772,2025-07-11 08:48:03.498772,353808,35,f,146130,
73,50,50,2025-07-12 16:30:00,2025-07-12 17:30:00,60,Wash/Cut/Blow Dry,Long price,"",391,2025-07-11 08:54:42.138606,2025-07-11 08:54:42.138606,353809,50,f,146131,
73,15,15,2025-07-12 17:30:00,2025-07-12 17:45:00,15,Hair Wash,,"",684,2025-07-11 08:54:42.138606,2025-07-11 08:54:42.138606,353810,15,f,146131,
73,45,45,2025-07-12 15:00:00,2025-07-12 16:30:00,90,Root's Colour From,,"",734,2025-07-11 08:54:42.138606,2025-07-11 08:54:42.138606,353811,45,f,146131,
101,35,35,2025-07-12 14:30:00,2025-07-12 15:00:00,30,DRY CUT,Medium price,"",385,2025-07-11 08:55:55.512571,2025-07-11 08:55:55.512571,353812,35,f,146132,
36,25,25,2025-07-11 10:35:00,2025-07-11 10:50:00,15,Half Legs,Strip Wax,"",214,2025-07-11 07:15:05.156295,2025-07-11 07:15:05.156295,353788,25,f,146117,
54,20,20,2025-07-11 18:15:00,2025-07-11 18:40:00,25,Shellac Polish (Shape & Polish),,"",477,2025-07-11 08:06:57.397308,2025-07-11 08:06:57.397308,353794,20,f,146122,
44,20,16,2025-07-11 11:30:00,2025-07-11 12:10:00,40,Wash and Blow Dry,Short price,"",608,2025-07-11 08:05:10.953423,2025-07-11 08:05:10.953423,353791,16,f,146120,
36,39,39,2025-07-11 17:40:00,2025-07-11 18:25:00,45,"Luxury Pedicure (shape, Cuticle,Dead Skin Removal , Scrub, massage & polish)",,"",261,2025-07-11 08:46:33.775797,2025-07-11 08:46:33.775797,353806,39,f,146128,
54,15,15,2025-07-11 13:45:00,2025-07-11 14:05:00,20,Saree Draping,,"",1065,2025-07-11 08:10:32.642523,2025-07-11 08:10:32.642523,353797,15,f,146124,
98,70,70,2025-07-12 10:00:00,2025-07-12 11:40:00,100,Luxury Manicure & Pedicure,,"",802,2025-07-10 20:33:11.470475,2025-07-10 20:33:11.470475,353782,70,f,146114,
54,10,10,2025-07-11 18:00:00,2025-07-11 18:15:00,15,Shellac Removal,,"",478,2025-07-11 08:06:57.397308,2025-07-11 08:06:57.397308,353795,10,f,146122,
113,160,160,2025-07-18 10:00:00,2025-07-18 13:00:00,180,Full Balayage (Toner Inc.),,"",1302,2025-07-11 09:14:00.587203,2025-07-11 09:14:00.587203,353821,160,f,144851,
113,35,35,2025-07-18 13:00:00,2025-07-18 14:00:00,60,Wash & Blowdry,Medium,"",1175,2025-07-11 09:14:00.587203,2025-07-11 09:14:00.587203,353822,35,f,144851,
117,20,20,2025-07-11 09:45:00,2025-07-11 10:15:00,30,Child Hair Cut (Under 7),From,"",1229,2025-07-11 09:13:42.449668,2025-07-11 09:13:42.449668,353820,20,f,146134,
117,45,45,2025-07-19 13:00:00,2025-07-19 14:00:00,60,Wash & Blowdry,Long,"",1176,2025-07-11 09:15:27.774454,2025-07-11 09:15:27.774454,353823,45,f,146135,
117,160,160,2025-07-19 10:00:00,2025-07-19 13:00:00,180,Full Balayage (Toner Inc.),,"",1302,2025-07-11 09:15:27.774454,2025-07-11 09:15:27.774454,353824,160,f,146135,
111,50,45,2025-07-11 17:15:00,2025-07-11 18:00:00,45,Eyelash Lift Inc Eyelash Tint,,"",1152,2025-07-11 09:17:12.035467,2025-07-11 09:17:12.035467,353826,45,f,146137,
36,6,6,2025-07-11 10:05:00,2025-07-11 10:10:00,5,Chin,Threading,"",167,2025-07-11 09:18:02.543172,2025-07-11 09:18:02.543172,353827,6,f,146138,
36,10,10,2025-07-11 09:55:00,2025-07-11 10:00:00,5,Eyebrows Tidy,Threading,"",185,2025-07-11 09:18:02.543172,2025-07-11 09:18:02.543172,353828,10,f,146138,
36,5,5,2025-07-11 10:00:00,2025-07-11 10:05:00,5,Upper Lip,Threading,"",398,2025-07-11 09:18:02.543172,2025-07-11 09:18:02.543172,353830,5,f,146138,
36,39,39,2025-07-11 10:10:00,2025-07-11 10:25:00,15,Hollywood,Hot Wax,"",715,2025-07-11 09:18:02.543172,2025-07-11 09:18:02.543172,353831,39,f,146138,
36,34,34,2025-07-11 09:30:00,2025-07-11 09:55:00,25,Full Legs,Strip Wax,"",188,2025-07-11 09:18:02.543172,2025-07-11 09:18:02.543172,353829,34,f,146138,
119,30,25,2025-07-11 11:30:00,2025-07-11 11:50:00,20,Shellac Polish,,"",1288,2025-07-11 09:19:29.795306,2025-07-11 09:19:29.795306,353833,25,f,146139,
119,30,25,2025-07-11 11:50:00,2025-07-11 12:20:00,30,Shellac Polish (Shape & Polish),,"",1281,2025-07-11 09:19:29.795306,2025-07-11 09:19:29.795306,353832,25,f,146139,
113,45,45,2025-07-11 18:30:00,2025-07-11 19:30:00,60,Wash/Cut/Blowdry,Medium,"",1171,2025-07-11 09:20:53.36912,2025-07-11 09:20:53.36912,353834,45,f,146140,
51,70,70,2025-07-12 09:00:00,2025-07-12 09:50:00,50,"Full Arms,Under Arms,Full Legs,Full Bikini",Strip Wax,"",455,2025-07-11 09:22:47.87952,2025-07-11 09:22:47.87952,353836,70,f,146141,
51,5,5,2025-07-12 09:50:00,2025-07-12 09:55:00,5,Eyebrows,THREADING,"",771,2025-07-11 09:22:47.87952,2025-07-11 09:22:47.87952,353837,5,f,146141,
51,10,10,2025-07-11 10:15:00,2025-07-11 10:20:00,5,Under Arms,Hot Wax,"",423,2025-07-11 09:35:15.63016,2025-07-11 09:35:15.63016,353838,10,f,146142,
51,6,6,2025-07-11 10:00:00,2025-07-11 10:05:00,5,Eyebrows,WAXING,"",772,2025-07-11 09:35:15.63016,2025-07-11 09:35:15.63016,353839,6,f,146142,
51,4,4,2025-07-11 10:05:00,2025-07-11 10:10:00,5,Upper Lip,WAXING,"",774,2025-07-11 09:35:15.63016,2025-07-11 09:35:15.63016,353840,4,f,146142,
51,2,2,2025-07-11 10:10:00,2025-07-11 10:15:00,5,Lower Lip,THREADING,"",775,2025-07-11 09:35:15.63016,2025-07-11 09:35:15.63016,353841,2,f,146142,
131,10,10,2025-07-11 15:15:00,2025-07-11 15:20:00,5,Eyebrows Tidy,Threading,"",185,2025-07-11 09:36:10.36117,2025-07-11 09:36:10.36117,353842,10,f,146143,
131,7,7,2025-07-11 15:20:00,2025-07-11 15:25:00,5,Upper Lip,Wax,"",397,2025-07-11 09:36:10.36117,2025-07-11 09:36:10.36117,353843,7,f,146143,
98,10,10,2025-07-11 12:10:00,2025-07-11 12:15:00,5,Eyebrows Tidy,Threading,"",185,2025-07-11 09:43:17.232187,2025-07-11 09:43:17.232187,353844,10,f,146144,
98,5,5,2025-07-11 12:15:00,2025-07-11 12:20:00,5,Upper Lip,Threading,"",398,2025-07-11 09:43:17.232187,2025-07-11 09:43:17.232187,353845,5,f,146144,
98,40,40,2025-07-11 12:20:00,2025-07-11 13:20:00,60,BIAB Infill,,"",1455,2025-07-11 09:43:17.232187,2025-07-11 09:43:17.232187,353846,40,f,146144,
111,10,10,2025-07-11 18:20:00,2025-07-11 18:25:00,5,Eyebrows,Threading,"",1126,2025-07-11 09:15:58.022227,2025-07-11 09:15:58.022227,353825,10,f,146136,
51,5,5,2025-07-11 10:25:00,2025-07-11 10:30:00,5,Eyebrows,THREADING,"",771,2025-07-11 09:53:12.877607,2025-07-11 09:53:12.877607,353848,5,f,146146,
98,40,40,2025-07-11 09:55:00,2025-07-11 11:10:00,75,Pedicure With Paraffin Wax,,"",264,2025-07-11 10:01:00.613131,2025-07-11 10:01:00.613131,353850,40,f,145756,
98,5,5,2025-07-11 11:10:00,2025-07-11 11:15:00,5,Upper Lip,Threading,"",398,2025-07-11 10:01:00.613131,2025-07-11 10:01:00.613131,353851,5,f,145756,
98,10,10,2025-07-11 11:15:00,2025-07-11 11:35:00,20,Shellac Removal,,"",259,2025-07-11 10:01:00.613131,2025-07-11 10:01:00.613131,353852,10,f,145756,
44,28,23,2025-07-11 11:00:00,2025-07-11 11:25:00,25,Dry Cut,Long price,"",1374,2025-07-11 10:07:33.300565,2025-07-11 10:07:33.300565,353856,23,f,145948,
44,5,5,2025-07-11 11:25:00,2025-07-11 11:30:00,5,Fringe Trim,"","",601,2025-07-11 10:07:33.300565,2025-07-11 10:07:33.300565,353857,5,f,145948,
44,60,48,2025-07-13 14:00:00,2025-07-13 15:40:00,100,Half Head Highlights,Medium price,"",566,2025-07-11 10:13:55.495284,2025-07-11 10:13:55.495284,353862,48,f,145623,
44,30,30,2025-07-13 15:40:00,2025-07-13 16:05:00,25,Toner From,Medium price,"",1387,2025-07-11 10:13:55.495284,2025-07-11 10:13:55.495284,353863,30,f,145623,
44,35,28,2025-07-13 16:05:00,2025-07-13 16:50:00,45,"Wash, Cut and Blow dry",Medium price,"",544,2025-07-11 10:13:55.495284,2025-07-11 10:13:55.495284,353864,28,f,145623,
117,45,45,2025-07-18 13:00:00,2025-07-18 14:00:00,60,Wash & Blowdry,Long,"",1176,2025-07-11 10:38:22.769489,2025-07-11 10:38:22.769489,353870,45,f,146152,
117,160,160,2025-07-18 10:00:00,2025-07-18 13:00:00,180,Full Balayage (Toner Inc.),,"",1302,2025-07-11 10:38:22.769489,2025-07-11 10:38:22.769489,353871,160,f,146152,
36,5,5,2025-07-11 11:35:00,2025-07-11 11:40:00,5,Upper Lip,Threading,"",398,2025-07-11 10:41:35.697367,2025-07-11 10:41:35.697367,353872,5,f,146153,
117,120,120,2025-07-18 11:00:00,2025-07-18 14:00:00,180,Full Head Highlight (Toner Not Inc.),Extra Long,"",1203,2025-07-11 10:41:39.774511,2025-07-11 10:41:39.774511,353873,120,f,146154,
117,40,40,2025-07-18 14:00:00,2025-07-18 14:40:00,40,Toner,Long,"",1221,2025-07-11 10:41:39.774511,2025-07-11 10:41:39.774511,353874,40,f,146154,
98,15,15,2025-07-11 17:45:00,2025-07-11 17:50:00,5,Under Arms,Hot Wax,"",742,2025-07-11 10:43:30.241687,2025-07-11 10:43:30.241687,353880,15,f,146155,
98,25,25,2025-07-11 17:50:00,2025-07-11 18:05:00,15,Half Legs,Strip Wax,"",214,2025-07-11 10:43:30.241687,2025-07-11 10:43:30.241687,353881,25,f,146155,
111,95,80,2025-07-12 13:40:00,2025-07-12 15:25:00,105,Shellac Manicure & Pedicure,,"",1327,2025-07-11 10:09:06.452316,2025-07-11 10:09:06.452316,353858,80,f,146148,
119,25,20,2025-07-11 18:15:00,2025-07-11 18:30:00,15,High Bikini (Hot Wax),,"",1243,2025-07-11 11:55:59.517314,2025-07-11 11:55:59.517314,353929,20,f,146169,
113,45,45,2025-07-11 13:00:00,2025-07-11 14:00:00,60,Wash & Blowdry,Long,"",1176,2025-07-11 10:53:17.54945,2025-07-11 10:53:17.54945,353886,45,f,146157,
119,45,35,2025-07-12 10:45:00,2025-07-12 11:30:00,45,Brow Lamination,,"",1153,2025-07-11 10:54:32.110048,2025-07-11 10:54:32.110048,353887,35,f,146158,
111,25,20,2025-07-12 10:30:00,2025-07-12 10:45:00,15,High Bikini (Hot Wax),,"",1243,2025-07-11 10:54:32.110048,2025-07-11 10:54:32.110048,353888,20,f,146158,
44,25,20,2025-07-11 10:00:00,2025-07-11 10:40:00,40,Wash and Blow Dry,Medium price,"",609,2025-07-11 10:54:33.724635,2025-07-11 10:54:33.724635,353889,20,f,145966,
54,12,12,2025-07-11 10:40:00,2025-07-11 10:50:00,10,File & Polish,,"",486,2025-07-11 10:54:33.724635,2025-07-11 10:54:33.724635,353890,12,f,145966,
54,3,3,2025-07-11 10:50:00,2025-07-11 10:55:00,5,Upper Lip,THREADING,"",773,2025-07-11 10:54:33.724635,2025-07-11 10:54:33.724635,353891,3,f,145966,
119,25,18,2025-07-11 17:50:00,2025-07-11 18:05:00,15,Half Legs,,"",1240,2025-07-11 10:55:10.352824,2025-07-11 10:55:10.352824,353892,18,f,146159,
54,5,5,2025-07-11 10:57:36,2025-07-11 11:02:36,5,Eyebrows,THREADING,"",771,2025-07-11 10:58:44.367009,2025-07-11 10:58:44.367009,353893,5,f,146160,
101,40,40,2025-07-11 11:30:00,2025-07-11 12:10:00,40,Wash & Cut,Medium price,"",361,2025-07-11 11:02:17.752404,2025-07-11 11:02:17.752404,353894,40,f,146030,
131,10,10,2025-07-11 11:00:00,2025-07-11 11:05:00,5,Eyebrows Tidy,Threading,"",185,2025-07-11 11:06:54.535039,2025-07-11 11:06:54.535039,353895,10,f,146085,
36,31,31,2025-07-11 11:45:00,2025-07-11 11:55:00,10,G-string,Hot Wax,"",206,2025-07-11 11:06:54.535039,2025-07-11 11:06:54.535039,353897,31,f,146085,
54,6,6,2025-07-11 15:20:00,2025-07-11 15:25:00,5,Eyebrows,WAXING,"",772,2025-07-11 11:12:29.760663,2025-07-11 11:12:29.760663,353898,6,f,146161,
54,4,4,2025-07-11 15:25:00,2025-07-11 15:30:00,5,Upper Lip,WAXING,"",774,2025-07-11 11:12:29.760663,2025-07-11 11:12:29.760663,353899,4,f,146161,
36,15,15,2025-07-11 12:05:00,2025-07-11 12:25:00,20,BAIB Removal,,"",1457,2025-07-11 11:18:02.098063,2025-07-11 11:18:02.098063,353900,15,f,146147,
36,28,28,2025-07-11 12:25:00,2025-07-11 12:55:00,30,Shellac Polish ( Shape & Polish),,"",702,2025-07-11 11:18:02.098063,2025-07-11 11:18:02.098063,353901,28,f,146147,
131,39,39,2025-07-11 11:30:00,2025-07-11 12:15:00,45,"Luxury Pedicure (shape, Cuticle,Dead Skin Removal , Scrub, massage & polish)",,"",261,2025-07-11 11:06:54.535039,2025-07-11 11:06:54.535039,353896,39,f,146085,
51,40,35,2025-07-11 09:30:00,2025-07-11 10:20:00,50,Pedicure With Shellac Polish,,"",493,2025-07-11 11:18:41.871454,2025-07-11 11:18:41.871454,353902,35,f,145484,
51,25,25,2025-07-11 10:20:00,2025-07-11 11:20:00,60,BIAB Infills,,"",1644,2025-07-11 11:18:41.871454,2025-07-11 11:18:41.871454,353903,25,f,145484,
51,10,10,2025-07-11 11:20:00,2025-07-11 11:35:00,15,Shellac Removal,,"",478,2025-07-11 11:18:41.871454,2025-07-11 11:18:41.871454,353904,10,f,145484,
51,5,5,2025-07-11 11:35:00,2025-07-11 11:40:00,5,Eyebrows,THREADING,"",771,2025-07-11 11:18:41.871454,2025-07-11 11:18:41.871454,353905,5,f,145484,
51,7,7,2025-07-12 10:00:00,2025-07-12 10:10:00,10,Eyebrows Tint,,"",469,2025-07-11 11:19:51.813232,2025-07-11 11:19:51.813232,353906,7,f,146162,
44,35,35,2025-07-12 10:10:00,2025-07-12 10:35:00,25,Amonia Free Root Color From,Short price,"",558,2025-07-11 11:19:51.813232,2025-07-11 11:19:51.813232,353907,35,f,146162,
44,40,40,2025-07-12 10:40:00,2025-07-12 11:10:00,30,Olaplex From,,"",795,2025-07-11 11:19:51.813232,2025-07-11 11:19:51.813232,353909,40,f,146162,
51,5,5,2025-07-11 12:20:00,2025-07-11 12:25:00,5,Eyebrows,THREADING,"",771,2025-07-11 11:29:30.025201,2025-07-11 11:29:30.025201,353912,5,f,146164,
51,12,12,2025-07-11 16:15:00,2025-07-11 16:25:00,10,Shape & Polish,,"",480,2025-07-11 11:36:58.182208,2025-07-11 11:36:58.182208,353913,12,f,146165,
51,28,28,2025-07-11 15:30:00,2025-07-11 16:10:00,40,"Luxury Pedicure (shape, Cuticle,Scrub, massage & polish)",,"",488,2025-07-11 11:36:58.182208,2025-07-11 11:36:58.182208,353914,28,f,146165,
51,5,5,2025-07-11 16:10:00,2025-07-11 16:15:00,5,Eyebrows,THREADING,"",771,2025-07-11 11:36:58.182208,2025-07-11 11:36:58.182208,353915,5,f,146165,
101,40,40,2025-07-11 12:10:00,2025-07-11 12:50:00,40,Wash & Cut,Medium price,"",361,2025-07-11 11:42:21.238572,2025-07-11 11:42:21.238572,353923,40,f,146090,
73,40,40,2025-07-11 11:20:00,2025-07-11 11:50:00,30,DRY CUT,Long price,"",386,2025-07-11 11:42:21.238572,2025-07-11 11:42:21.238572,353924,40,f,146090,
67,40,40,2025-07-11 11:50:00,2025-07-11 12:40:00,50,Wash & Blow Dry,Long price,"",347,2025-07-11 11:42:21.238572,2025-07-11 11:42:21.238572,353922,40,f,146090,
73,10,10,2025-07-11 11:50:00,2025-07-11 12:00:00,10,Neck line,Short price,"",388,2025-07-11 11:42:21.238572,2025-07-11 11:42:21.238572,353925,10,f,146090,
119,10,10,2025-07-11 15:00:00,2025-07-11 15:05:00,5,Eyebrows,Threading,"",1126,2025-07-11 12:01:26.121332,2025-07-11 12:01:26.121332,353931,10,f,146168,
119,40,35,2025-07-11 15:05:00,2025-07-11 15:30:00,25,Hollywood,,"",1275,2025-07-11 12:01:26.121332,2025-07-11 12:01:26.121332,353932,35,f,146168,
119,30,25,2025-07-11 15:30:00,2025-07-11 16:00:00,30,Shellac Polish (Shape & Polish),,"",1281,2025-07-11 12:01:26.121332,2025-07-11 12:01:26.121332,353933,25,f,146168,
44,30,30,2025-07-11 13:20:00,2025-07-11 13:45:00,25,Salon Root's colour (5cm),Short price,"",555,2025-07-11 12:03:39.443719,2025-07-11 12:03:39.443719,353938,30,f,146076,
111,10,10,2025-07-11 13:05:00,2025-07-11 13:10:00,5,Eyebrows,Threading,"",1126,2025-07-11 12:08:05.722216,2025-07-11 12:08:05.722216,353941,10,f,146171,
111,7,5,2025-07-11 13:10:00,2025-07-11 13:15:00,5,Upper lip,Threading,"",1128,2025-07-11 12:08:05.722216,2025-07-11 12:08:05.722216,353942,5,f,146171,
111,8,6,2025-07-11 13:00:00,2025-07-11 13:05:00,5,Chin,Threading,"",1132,2025-07-11 12:08:05.722216,2025-07-11 12:08:05.722216,353943,6,f,146171,
36,7,7,2025-07-11 13:00:00,2025-07-11 13:05:00,5,Upper Lip,Wax,"",397,2025-07-11 12:09:45.339235,2025-07-11 12:09:45.339235,353944,7,f,146163,
36,7,7,2025-07-11 13:05:00,2025-07-11 13:10:00,5,Chin,Wax,"",166,2025-07-11 12:09:45.339235,2025-07-11 12:09:45.339235,353945,7,f,146163,
36,5,5,2025-07-11 13:10:00,2025-07-11 13:15:00,5,Lower Lip,Wax,"",180,2025-07-11 12:09:45.339235,2025-07-11 12:09:45.339235,353946,5,f,146163,
54,7,7,2025-07-11 13:30:00,2025-07-11 13:40:00,10,Cut and Shape,,"",1635,2025-07-11 12:18:10.229397,2025-07-11 12:18:10.229397,353952,7,f,146172,
36,22,22,2025-07-11 14:35:00,2025-07-11 14:45:00,10,Bikini line,Hot Wax,"",194,2025-07-11 12:03:18.030292,2025-07-11 12:03:18.030292,353936,22,f,146170,
119,9,7,2025-07-11 14:50:00,2025-07-11 15:00:00,10,Face side,Threading,"",1136,2025-07-11 12:12:41.919198,2025-07-11 12:12:41.919198,353949,7,f,146173,
119,10,10,2025-07-11 14:45:00,2025-07-11 14:50:00,5,Eyebrows,Threading,"",1126,2025-07-11 12:12:41.919198,2025-07-11 12:12:41.919198,353948,10,f,146173,
51,5,5,2025-07-12 10:10:00,2025-07-12 10:15:00,5,Eyebrows,THREADING,"",771,2025-07-11 11:19:51.813232,2025-07-11 11:19:51.813232,353908,5,f,146162,
36,15,15,2025-07-11 14:45:00,2025-07-11 14:50:00,5,Under Arms,Hot Wax,"",742,2025-07-11 12:03:18.030292,2025-07-11 12:03:18.030292,353937,15,f,146170,
131,10,10,2025-07-11 13:20:00,2025-07-11 13:25:00,5,Eyebrows Tidy,Threading,"",185,2025-07-11 12:25:10.309563,2025-07-11 12:25:10.309563,353953,10,f,146174,
111,25,15,2025-07-11 15:35:00,2025-07-11 15:50:00,15,Half Arms,,"",1237,2025-07-11 12:31:01.713715,2025-07-11 12:31:01.713715,353954,15,f,146175,
111,25,18,2025-07-11 15:50:00,2025-07-11 16:05:00,15,Half Legs,,"",1240,2025-07-11 12:31:01.713715,2025-07-11 12:31:01.713715,353955,18,f,146175,
111,25,25,2025-07-12 10:00:00,2025-07-12 10:30:00,30,Full Face & Neck Bleach,,"",1233,2025-07-11 12:32:26.749299,2025-07-11 12:32:26.749299,353956,25,f,146000,
111,40,35,2025-07-12 17:00:00,2025-07-12 17:25:00,25,Hollywood,,"",1275,2025-07-11 12:33:17.542033,2025-07-11 12:33:17.542033,353957,35,f,146176,
51,5,5,2025-07-11 13:10:00,2025-07-11 13:15:00,5,Eyebrows,THREADING,"",771,2025-07-11 12:36:19.290264,2025-07-11 12:36:19.290264,353958,5,f,146177,
44,30,30,2025-07-12 09:00:00,2025-07-12 09:25:00,25,Salon Root's colour (5cm),Short price,"",555,2025-07-11 12:36:44.046612,2025-07-11 12:36:44.046612,353959,30,f,146178,
131,10,10,2025-07-11 13:30:00,2025-07-11 13:35:00,5,Eyebrows Tidy,Threading,"",185,2025-07-11 12:38:21.12303,2025-07-11 12:38:21.12303,353964,10,f,146179,
131,5,5,2025-07-11 13:35:00,2025-07-11 13:40:00,5,Upper Lip,Threading,"",398,2025-07-11 12:38:21.12303,2025-07-11 12:38:21.12303,353965,5,f,146179,
67,10,10,2025-07-12 12:00:00,2025-07-12 12:05:00,5,Eyebrows Tidy,Threading,"",185,2025-07-11 12:41:59.363138,2025-07-11 12:41:59.363138,353969,10,f,146098,
67,5,5,2025-07-12 12:05:00,2025-07-12 12:10:00,5,Upper Lip,Threading,"",398,2025-07-11 12:41:59.363138,2025-07-11 12:41:59.363138,353970,5,f,146098,
67,45,45,2025-07-12 12:10:00,2025-07-12 13:40:00,90,Root's Colour From,,"",734,2025-07-11 12:41:59.363138,2025-07-11 12:41:59.363138,353971,45,f,146098,
67,30,30,2025-07-12 10:00:00,2025-07-12 10:55:00,55,Hair Conditioning Treatment from,,"",738,2025-07-11 12:42:35.22517,2025-07-11 12:42:35.22517,353973,30,f,145759,
67,35,35,2025-07-12 10:55:00,2025-07-12 11:45:00,50,Wash & Blow Dry,Medium price,"",346,2025-07-11 12:42:35.22517,2025-07-11 12:42:35.22517,353972,35,f,145759,
36,10,10,2025-07-12 09:30:00,2025-07-12 09:35:00,5,Eyebrows Tidy,Threading,"",185,2025-07-11 13:15:00.083957,2025-07-11 13:15:00.083957,353998,10,f,146100,
36,10,10,2025-07-12 09:30:00,2025-07-12 09:35:00,5,Eyebrows Tidy,Threading,"",185,2025-07-11 13:16:26.896153,2025-07-11 13:16:26.896153,353999,10,f,146183,
98,45,45,2025-07-12 12:00:00,2025-07-12 13:30:00,90,Root's Colour From,,"",734,2025-07-11 12:43:48.230097,2025-07-11 12:43:48.230097,353974,45,f,146097,
98,10,10,2025-07-12 13:30:00,2025-07-12 13:35:00,5,Eyebrows Tidy,Threading,"",185,2025-07-11 12:43:48.230097,2025-07-11 12:43:48.230097,353975,10,f,146097,
98,5,5,2025-07-12 13:35:00,2025-07-12 13:40:00,5,Upper Lip,Threading,"",398,2025-07-11 12:43:48.230097,2025-07-11 12:43:48.230097,353976,5,f,146097,
132,35,35,2025-07-12 12:00:00,2025-07-12 12:45:00,45,"Pedicure Luxury (Shape, Cuticle Work and Massage, Mask)",,"",278,2025-07-11 12:51:45.016735,2025-07-11 12:51:45.016735,353979,35,f,146115,
132,27,27,2025-07-12 12:45:00,2025-07-12 13:25:00,40,"Manicure Luxury (Shape, Cuticle Work and Massage, Scrub)",,"",293,2025-07-11 12:51:45.016735,2025-07-11 12:51:45.016735,353980,27,f,146115,
119,40,35,2025-07-11 13:50:00,2025-07-11 14:45:00,55,"Luxury Pedicure ( Shape, Cuticle, Hard skin, Scrub, Massage,Polish )",,"",1286,2025-07-11 12:12:41.919198,2025-07-11 12:12:41.919198,353950,35,f,146173,
36,48,48,2025-07-11 13:20:00,2025-07-11 14:10:00,50,Pedicure With Shellac Polish,,"",257,2025-07-11 13:02:36.504046,2025-07-11 13:02:36.504046,353986,48,f,146014,
36,10,10,2025-07-11 14:10:00,2025-07-11 14:30:00,20,Shellac Removal,,"",259,2025-07-11 13:02:36.504046,2025-07-11 13:02:36.504046,353987,10,f,146014,
51,35,30,2025-07-11 13:35:00,2025-07-11 14:00:00,25,Hollywood,Hot Wax,"",448,2025-07-11 13:02:43.90325,2025-07-11 13:02:43.90325,353988,30,f,146145,
51,10,10,2025-07-11 13:30:00,2025-07-11 13:35:00,5,Under Arms,Hot Wax,"",423,2025-07-11 13:02:43.90325,2025-07-11 13:02:43.90325,353989,10,f,146145,
51,5,5,2025-07-11 13:25:00,2025-07-11 13:30:00,5,Eyebrows,THREADING,"",771,2025-07-11 13:02:43.90325,2025-07-11 13:02:43.90325,353990,5,f,146145,
67,48,48,2025-07-11 12:50:00,2025-07-11 13:40:00,50,Pedicure With Shellac Polish,,"",257,2025-07-11 13:07:07.410771,2025-07-11 13:07:07.410771,353991,48,f,146167,
67,10,10,2025-07-11 13:40:00,2025-07-11 13:45:00,5,Eyebrows Tidy,Threading,"",185,2025-07-11 13:07:07.410771,2025-07-11 13:07:07.410771,353992,10,f,146167,
67,6,6,2025-07-11 13:45:00,2025-07-11 13:50:00,5,Forehead,Threading,"",169,2025-07-11 13:07:07.410771,2025-07-11 13:07:07.410771,353993,6,f,146167,
67,5,5,2025-07-11 13:50:00,2025-07-11 13:55:00,5,Upper Lip,Threading,"",398,2025-07-11 13:07:07.410771,2025-07-11 13:07:07.410771,353994,5,f,146167,
54,3,3,2025-07-11 13:14:14,2025-07-11 13:19:14,5,Upper Lip,THREADING,"",773,2025-07-11 13:14:36.597238,2025-07-11 13:14:36.597238,353996,3,f,146182,
54,2,2,2025-07-11 13:19:14,2025-07-11 13:24:14,5,Lower Lip,THREADING,"",775,2025-07-11 13:14:36.597238,2025-07-11 13:14:36.597238,353997,2,f,146182,
67,40,40,2025-07-11 15:00:00,2025-07-11 15:50:00,50,Wash & Blow Dry,Long price,"",347,2025-07-11 13:18:07.233938,2025-07-11 13:18:07.233938,354000,40,f,146184,
36,5,5,2025-07-11 12:00:00,2025-07-11 12:05:00,5,Upper Lip,Threading,"",398,2025-07-11 13:20:14.397365,2025-07-11 13:20:14.397365,354003,5,f,146185,
36,4,4,2025-07-11 11:55:00,2025-07-11 12:00:00,5,Lower Lip,Threading,"",181,2025-07-11 13:20:14.397365,2025-07-11 13:20:14.397365,354002,4,f,146185,
36,6,6,2025-07-11 12:05:00,2025-07-11 12:10:00,5,Chin,Threading,"",167,2025-07-11 13:20:14.397365,2025-07-11 13:20:14.397365,354001,6,f,146185,
51,48,48,2025-07-11 15:00:00,2025-07-11 16:20:00,80,Luxury Manicure & Luxury pedicure,,"",499,2025-07-11 13:27:44.213849,2025-07-11 13:27:44.213849,354004,48,f,146186,
101,35,35,2025-07-11 13:00:00,2025-07-11 13:50:00,50,Wash & Blow Dry,Medium price,"",346,2025-07-11 13:33:09.590014,2025-07-11 13:33:09.590014,354005,35,f,146150,
131,34,34,2025-07-11 13:50:00,2025-07-11 14:15:00,25,Full Legs,Strip Wax,"",188,2025-07-11 13:33:09.590014,2025-07-11 13:33:09.590014,354006,34,f,146150,
131,15,15,2025-07-11 14:15:00,2025-07-11 14:20:00,5,Under Arms,Hot Wax,"",742,2025-07-11 13:33:09.590014,2025-07-11 13:33:09.590014,354007,15,f,146150,
44,25,20,2025-07-11 13:45:00,2025-07-11 14:25:00,40,Wash and Blow Dry,Medium price,"",609,2025-07-11 13:38:54.942317,2025-07-11 13:38:54.942317,354010,20,f,146121,
44,5,5,2025-07-11 14:25:00,2025-07-11 14:30:00,5,Fringe Trim,"","",601,2025-07-11 13:38:54.942317,2025-07-11 13:38:54.942317,354011,5,f,146121,
54,20,16,2025-07-11 14:30:00,2025-07-11 14:45:00,15,Dry Cut,Short price,"",1372,2025-07-11 13:38:54.942317,2025-07-11 13:38:54.942317,354012,16,f,146121,
54,2,2,2025-07-11 14:45:00,2025-07-11 14:50:00,5,Lower Lip,THREADING,"",775,2025-07-11 13:38:54.942317,2025-07-11 13:38:54.942317,354013,2,f,146121,
101,35,35,2025-07-11 14:45:00,2025-07-11 15:35:00,50,Wash & Blow Dry,Medium price,"",346,2025-07-11 13:57:56.203867,2025-07-11 13:57:56.203867,354015,35,f,146151,
51,48,48,2025-07-12 11:00:00,2025-07-12 12:20:00,80,Luxury Manicure & Luxury pedicure,,"",499,2025-07-11 14:09:53.898794,2025-07-11 14:09:53.898794,354018,48,f,146189,
117,55,55,2025-07-11 15:15:00,2025-07-11 16:15:00,60,Wash/Cut/Blowdry,Long,"",1172,2025-07-11 14:10:48.236277,2025-07-11 14:10:48.236277,354019,55,f,146190,
111,45,35,2025-07-11 14:30:00,2025-07-11 15:15:00,45,Manicure with Shellac Polish,,"",1283,2025-07-11 14:14:00.575571,2025-07-11 14:14:00.575571,354021,35,f,146082,
113,20,20,2025-07-11 15:20:00,2025-07-11 15:50:00,30,Hair Mask,,"",1649,2025-07-11 14:10:48.236277,2025-07-11 14:10:48.236277,354020,20,f,146190,
111,5,5,2025-07-11 15:15:00,2025-07-11 15:35:00,20,Polish remove,,"",1545,2025-07-11 14:14:00.575571,2025-07-11 14:14:00.575571,354022,5,f,146082,
36,25,25,2025-07-11 15:15:00,2025-07-11 15:30:00,15,Half Legs,Strip Wax,"",214,2025-07-11 14:02:15.084443,2025-07-11 14:02:15.084443,354016,25,f,146187,
36,15,15,2025-07-11 15:30:00,2025-07-11 15:35:00,5,Under Arms,Hot Wax,"",742,2025-07-11 14:02:15.084443,2025-07-11 14:02:15.084443,354017,15,f,146187,
111,10,10,2025-07-11 16:40:00,2025-07-11 16:45:00,5,Eyebrows,Threading,"",1126,2025-07-11 12:59:31.962738,2025-07-11 12:59:31.962738,353984,10,f,146181,
111,7,5,2025-07-11 16:10:00,2025-07-11 16:15:00,5,Upper lip,Threading,"",1128,2025-07-11 12:59:31.962738,2025-07-11 12:59:31.962738,353985,5,f,146181,
98,30,30,2025-07-13 10:05:00,2025-07-13 11:00:00,55,Hair Conditioning Treatment from,,"",738,2025-07-11 12:53:26.382209,2025-07-11 12:53:26.382209,353981,30,f,146180,
73,40,40,2025-07-15 12:00:00,2025-07-15 12:50:00,50,Wash & Blow Dry,Long price,"",347,2025-07-11 14:28:16.094645,2025-07-11 14:28:16.094645,354026,40,f,146191,
98,10,10,2025-07-11 14:35:00,2025-07-11 14:55:00,20,Shellac Removal,,"",701,2025-07-11 14:31:58.811879,2025-07-11 14:31:58.811879,354027,10,f,146133,
98,28,28,2025-07-11 14:55:00,2025-07-11 15:25:00,30,Shellac Polish ( Shape & Polish),,"",702,2025-07-11 14:31:58.811879,2025-07-11 14:31:58.811879,354028,28,f,146133,
98,10,10,2025-07-11 15:25:00,2025-07-11 15:30:00,5,Eyebrows Tidy,Threading,"",185,2025-07-11 14:31:58.811879,2025-07-11 14:31:58.811879,354029,10,f,146133,
98,5,5,2025-07-11 15:30:00,2025-07-11 15:35:00,5,Upper Lip,Threading,"",398,2025-07-11 14:31:58.811879,2025-07-11 14:31:58.811879,354030,5,f,146133,
54,5,5,2025-07-11 16:11:20,2025-07-11 16:16:20,5,Eyebrows,THREADING,"",771,2025-07-11 16:12:19.186328,2025-07-11 16:12:19.186328,354077,5,f,146205,
54,3,3,2025-07-11 16:16:20,2025-07-11 16:21:20,5,Upper Lip,THREADING,"",773,2025-07-11 16:12:19.186328,2025-07-11 16:12:19.186328,354078,3,f,146205,
119,40,40,2025-07-12 11:30:00,2025-07-12 12:20:00,50,BIAB Overlay,,"",1466,2025-07-11 16:18:52.326823,2025-07-11 16:18:52.326823,354079,40,f,146206,
54,5,5,2025-07-11 14:37:17,2025-07-11 14:42:17,5,Eyebrows,THREADING,"",771,2025-07-11 14:37:57.764436,2025-07-11 14:37:57.764436,354034,5,f,146192,
54,6,6,2025-07-11 14:47:17,2025-07-11 14:52:17,5,Eyebrows,WAXING,"",772,2025-07-11 14:37:57.764436,2025-07-11 14:37:57.764436,354035,6,f,146192,
54,3,3,2025-07-11 14:42:17,2025-07-11 14:47:17,5,Upper Lip,THREADING,"",773,2025-07-11 14:37:57.764436,2025-07-11 14:37:57.764436,354036,3,f,146192,
54,5,5,2025-07-11 14:20:00,2025-07-11 14:25:00,5,Eyebrows,THREADING,"",771,2025-07-11 14:45:14.784952,2025-07-11 14:45:14.784952,354039,5,f,146116,
44,35,28,2025-07-11 14:25:00,2025-07-11 15:05:00,40,Wash & cut,Long price,"",592,2025-07-11 14:45:14.784952,2025-07-11 14:45:14.784952,354040,28,f,146116,
44,5,5,2025-07-11 15:05:00,2025-07-11 15:10:00,5,Fringe Trim,"","",601,2025-07-11 14:45:14.784952,2025-07-11 14:45:14.784952,354041,5,f,146116,
54,2,2,2025-07-11 15:10:00,2025-07-11 15:15:00,5,Lower Lip,THREADING,"",775,2025-07-11 14:45:14.784952,2025-07-11 14:45:14.784952,354042,2,f,146116,
44,35,28,2025-07-11 14:30:00,2025-07-11 15:10:00,40,Wash & cut,Long price,"",592,2025-07-11 14:45:55.830107,2025-07-11 14:45:55.830107,354043,28,f,146149,
44,5,5,2025-07-11 15:10:00,2025-07-11 15:15:00,5,Fringe Trim,"","",601,2025-07-11 14:45:55.830107,2025-07-11 14:45:55.830107,354044,5,f,146149,
44,2,2,2025-07-11 15:15:00,2025-07-11 15:20:00,5,Lower Lip,THREADING,"",775,2025-07-11 14:45:55.830107,2025-07-11 14:45:55.830107,354045,2,f,146149,
36,40,40,2025-07-11 16:00:00,2025-07-11 17:00:00,60,BAIB overlay,,"",1456,2025-07-11 14:48:28.061563,2025-07-11 14:48:28.061563,354049,40,f,146193,
51,6,6,2025-07-11 14:57:30,2025-07-11 15:02:30,5,Eyebrows,WAXING,"",772,2025-07-11 14:58:01.071612,2025-07-11 14:58:01.071612,354050,6,f,146195,
111,40,35,2025-07-13 13:00:00,2025-07-13 13:45:00,45,Pedicure,,"",1358,2025-07-11 15:03:34.833842,2025-07-11 15:03:34.833842,354051,35,f,146196,
111,30,30,2025-07-13 13:45:00,2025-07-13 14:15:00,30,Back And Shoulders,,"",1400,2025-07-11 15:03:34.833842,2025-07-11 15:03:34.833842,354052,30,f,146196,
54,5,5,2025-07-11 16:15:00,2025-07-11 16:20:00,5,Eyebrows,THREADING,"",771,2025-07-11 15:03:52.847136,2025-07-11 15:03:52.847136,354054,5,f,146197,
51,45,35,2025-07-11 14:00:00,2025-07-11 15:00:00,60,Shahnaz Gold Facial,,"",517,2025-07-11 15:06:25.974171,2025-07-11 15:06:25.974171,354055,35,f,145902,
44,20,20,2025-07-11 15:00:00,2025-07-11 15:35:00,35,Your Colour Full Head,Short price,"",547,2025-07-11 15:06:25.974171,2025-07-11 15:06:25.974171,354056,20,f,145902,
54,10,10,2025-07-11 15:35:00,2025-07-11 15:50:00,15,Shellac Removal,,"",478,2025-07-11 15:06:25.974171,2025-07-11 15:06:25.974171,354057,10,f,145902,
54,20,20,2025-07-11 15:50:00,2025-07-11 16:15:00,25,Shellac Polish (Shape & Polish),,"",477,2025-07-11 15:06:25.974171,2025-07-11 15:06:25.974171,354058,20,f,145902,
73,15,15,2025-07-11 16:50:00,2025-07-11 17:20:00,30,Dry Cut,,"",295,2025-07-11 15:10:26.020713,2025-07-11 15:10:26.020713,354059,15,f,146198,
117,50,50,2025-07-11 15:05:00,2025-07-11 15:50:00,45,"Wash, Cut & Finish",Long,"",1168,2025-07-11 15:19:46.377865,2025-07-11 15:19:46.377865,354060,50,f,146053,
54,5,5,2025-07-11 16:40:00,2025-07-11 16:45:00,5,Eyebrows,THREADING,"",771,2025-07-11 16:22:42.231832,2025-07-11 16:22:42.231832,354080,5,f,146207,
36,10,10,2025-07-11 17:20:00,2025-07-11 17:25:00,5,Eyebrows Tidy,Threading,"",185,2025-07-11 16:26:07.557052,2025-07-11 16:26:07.557052,354081,10,f,146208,
51,28,28,2025-07-11 15:30:00,2025-07-11 16:10:00,40,"Luxury Pedicure (shape, Cuticle,Scrub, massage & polish)",,"",488,2025-07-11 15:38:58.905376,2025-07-11 15:38:58.905376,354063,28,f,146166,
51,12,12,2025-07-11 16:10:00,2025-07-11 16:20:00,10,Shape & Polish,,"",480,2025-07-11 15:38:58.905376,2025-07-11 15:38:58.905376,354064,12,f,146166,
51,5,5,2025-07-11 16:20:00,2025-07-11 16:25:00,5,Eyebrows,THREADING,"",771,2025-07-11 15:38:58.905376,2025-07-11 15:38:58.905376,354065,5,f,146166,
51,4,4,2025-07-11 16:25:00,2025-07-11 16:30:00,5,Forehead,THREADING,"",783,2025-07-11 15:38:58.905376,2025-07-11 15:38:58.905376,354066,4,f,146166,
98,40,40,2025-07-11 15:45:00,2025-07-11 16:45:00,60,BAIB overlay,,"",1456,2025-07-11 15:48:53.94967,2025-07-11 15:48:53.94967,354067,40,f,146188,
54,30,25,2025-07-11 16:55:00,2025-07-11 17:35:00,40,Manicure With Shellac Polish,,"",479,2025-07-11 15:50:01.412835,2025-07-11 15:50:01.412835,354068,25,f,146201,
54,10,10,2025-07-11 17:35:00,2025-07-11 17:50:00,15,Shellac Removal,,"",492,2025-07-11 15:50:01.412835,2025-07-11 15:50:01.412835,354069,10,f,146201,
54,5,5,2025-07-11 17:50:00,2025-07-11 18:00:00,10,Pedicure Mask,,"",1636,2025-07-11 15:50:01.412835,2025-07-11 15:50:01.412835,354070,5,f,146201,
117,35,35,2025-07-11 16:50:00,2025-07-11 17:50:00,60,Wash & Blowdry,Medium,"",1175,2025-07-11 15:50:22.799164,2025-07-11 15:50:22.799164,354071,35,f,146202,
51,5,5,2025-07-11 16:35:00,2025-07-11 16:40:00,5,Eyebrows,THREADING,"",771,2025-07-11 15:54:04.156332,2025-07-11 15:54:04.156332,354072,5,f,146203,
113,55,55,2025-07-13 12:00:00,2025-07-13 13:00:00,60,Wash/Cut/Blowdry,Long,"",1172,2025-07-11 15:55:26.237875,2025-07-11 15:55:26.237875,354073,55,f,146204,
51,5,5,2025-07-11 18:20:00,2025-07-11 18:25:00,5,Eyebrows,THREADING,"",771,2025-07-11 16:26:51.892324,2025-07-11 16:26:51.892324,354082,5,f,146209,
51,4,4,2025-07-11 18:25:00,2025-07-11 18:30:00,5,Forehead,THREADING,"",783,2025-07-11 16:26:51.892324,2025-07-11 16:26:51.892324,354083,4,f,146209,
117,35,35,2025-07-12 17:00:00,2025-07-12 18:00:00,60,Wash & Blowdry,Medium,"",1175,2025-07-11 16:32:50.915902,2025-07-11 16:32:50.915902,354084,35,f,146210,
119,40,35,2025-07-11 16:45:00,2025-07-11 17:30:00,45,Eyelash Lift,,"",1151,2025-07-11 16:34:33.970637,2025-07-11 16:34:33.970637,354085,35,f,146107,
119,12,9,2025-07-11 17:35:00,2025-07-11 17:45:00,10,Face side,Waxing,"",1137,2025-07-11 16:34:33.970637,2025-07-11 16:34:33.970637,354087,9,f,146107,
44,28,23,2025-07-11 17:00:00,2025-07-11 17:25:00,25,Dry Cut,Long price,"",1374,2025-07-11 16:36:05.025386,2025-07-11 16:36:05.025386,354088,23,f,146156,
119,9,6,2025-07-11 17:30:00,2025-07-11 17:35:00,5,Upper lip,Waxing,"",1129,2025-07-11 16:34:33.970637,2025-07-11 16:34:33.970637,354086,6,f,146107,
44,13,11,2025-07-11 17:25:00,2025-07-11 17:55:00,30,Child hair cut (under 7 only),Short price,"",602,2025-07-11 16:36:05.025386,2025-07-11 16:36:05.025386,354089,11,f,146156,
54,5,5,2025-07-11 17:55:00,2025-07-11 18:00:00,5,Eyebrows,THREADING,"",771,2025-07-11 16:36:05.025386,2025-07-11 16:36:05.025386,354090,5,f,146156,
54,20,20,2025-07-11 18:00:00,2025-07-11 18:10:00,10,Indian Head Massage,,"",506,2025-07-11 16:36:05.025386,2025-07-11 16:36:05.025386,354091,20,f,146156,
36,12,12,2025-07-11 17:40:00,2025-07-11 17:45:00,5,Eyebrows Tidy,Wax,"",184,2025-07-11 15:03:49.482662,2025-07-11 15:03:49.482662,354053,12,f,146126,
113,55,55,2025-07-11 17:25:00,2025-07-11 18:25:00,60,Wash & Blowdry,Extra Long,"",1177,2025-07-11 15:32:46.400756,2025-07-11 15:32:46.400756,354062,55,f,146200,
73,115,115,2025-07-11 13:30:00,2025-07-11 15:30:00,120,Ombre/Balayage,Long price,"",659,2025-07-11 16:49:47.581913,2025-07-11 16:49:47.581913,354092,115,f,146125,
101,35,35,2025-07-11 15:30:00,2025-07-11 16:00:00,30,Toner from,long price,"",1121,2025-07-11 16:49:47.581913,2025-07-11 16:49:47.581913,354093,35,f,146125,
101,50,50,2025-07-11 16:00:00,2025-07-11 17:00:00,60,Wash/Cut/Blow Dry,Long price,"",391,2025-07-11 16:49:47.581913,2025-07-11 16:49:47.581913,354094,50,f,146125,
98,26,26,2025-07-11 17:30:00,2025-07-11 17:40:00,10,High Bikini,Hot Wax,"",197,2025-07-11 16:55:58.427053,2025-07-11 16:55:58.427053,354095,26,f,146194,
119,40,35,2025-07-12 16:30:00,2025-07-12 17:15:00,45,"Full Facial {Cleansing, Exfoliation, Blackheads Removal, Massage & Mask}",,"",1252,2025-07-11 17:02:40.004116,2025-07-11 17:02:40.004116,354096,35,f,146211,
73,45,45,2025-07-12 11:30:00,2025-07-12 13:00:00,90,Root's Colour From,,"",734,2025-07-11 17:03:25.098841,2025-07-11 17:03:25.098841,354097,45,f,146212,
132,59,59,2025-07-12 09:55:00,2025-07-12 10:40:00,45,FULL ARMS & FULL LEGS,,"",804,2025-07-11 17:06:15.500641,2025-07-11 17:06:15.500641,354098,59,f,146213,
67,70,70,2025-07-11 16:30:00,2025-07-11 17:40:00,70,Evening Make Up from,,"",323,2025-07-11 17:06:44.162954,2025-07-11 17:06:44.162954,354099,70,f,145527,
67,15,15,2025-07-11 17:40:00,2025-07-11 17:55:00,15,Hair Wash,,"",684,2025-07-11 17:06:44.162954,2025-07-11 17:06:44.162954,354100,15,f,145527,
67,5,5,2025-07-11 17:55:00,2025-07-11 18:00:00,5,Upper Lip,Threading,"",398,2025-07-11 17:06:44.162954,2025-07-11 17:06:44.162954,354101,5,f,145527,
104,45,45,2025-07-13 16:05:00,2025-07-13 16:55:00,50,Wash & Blow Dry,Extra long price,"",348,2025-07-11 17:07:15.701114,2025-07-11 17:07:15.701114,354102,45,f,146214,
111,40,35,2025-07-12 16:15:00,2025-07-12 17:00:00,45,"Full Facial {Cleansing, Exfoliation, Blackheads Removal, Massage & Mask}",,"",1252,2025-07-11 17:09:09.656888,2025-07-11 17:09:09.656888,354103,35,f,146215,
67,31,31,2025-07-12 13:50:00,2025-07-12 14:25:00,35,"Luxury Manicure (Shape,Cuticle, Scrub,Massage & Polish)",,"",253,2025-07-11 17:57:45.708608,2025-07-11 17:57:45.708608,354135,31,f,146222,
132,15,15,2025-07-12 13:30:00,2025-07-12 13:50:00,20,BAIB Removal,,"",1457,2025-07-11 17:57:45.708608,2025-07-11 17:57:45.708608,354136,15,f,146222,
51,12,12,2025-07-11 18:55:00,2025-07-11 19:05:00,10,Shape & Polish,,"",480,2025-07-11 17:59:16.211957,2025-07-11 17:59:16.211957,354137,12,f,146223,
54,12,12,2025-07-11 18:40:00,2025-07-11 18:50:00,10,Shape & Polish,,"",480,2025-07-11 17:30:18.062814,2025-07-11 17:30:18.062814,354110,12,f,146217,
51,35,35,2025-07-11 16:45:00,2025-07-11 18:05:00,80,BIAB Overlay,,"",1643,2025-07-11 17:34:05.587838,2025-07-11 17:34:05.587838,354111,35,f,146199,
51,5,5,2025-07-11 18:05:00,2025-07-11 18:10:00,5,Eyebrows,THREADING,"",771,2025-07-11 17:34:05.587838,2025-07-11 17:34:05.587838,354112,5,f,146199,
54,5,5,2025-07-12 11:05:00,2025-07-12 11:10:00,5,Eyebrows,THREADING,"",771,2025-07-11 17:35:53.563633,2025-07-11 17:35:53.563633,354113,5,f,146218,
54,3,3,2025-07-12 11:10:00,2025-07-12 11:15:00,5,Upper Lip,THREADING,"",773,2025-07-11 17:35:53.563633,2025-07-11 17:35:53.563633,354114,3,f,146218,
54,3,3,2025-07-12 11:00:00,2025-07-12 11:05:00,5,Chin,THREADING,"",777,2025-07-11 17:35:53.563633,2025-07-11 17:35:53.563633,354115,3,f,146218,
98,39,39,2025-07-11 18:15:00,2025-07-11 18:30:00,15,Hollywood,Hot Wax,"",715,2025-07-11 17:36:30.999755,2025-07-11 17:36:30.999755,354116,39,f,146216,
119,70,65,2025-07-12 13:30:00,2025-07-12 15:10:00,100,Luxury Manicure & Pedicure,,"",1319,2025-07-11 17:39:43.650575,2025-07-11 17:39:43.650575,354122,65,f,146219,
54,5,5,2025-07-11 19:00:00,2025-07-11 19:05:00,5,Eyebrows,THREADING,"",771,2025-07-11 18:01:26.964636,2025-07-11 18:01:26.964636,354139,5,f,146224,
54,4,4,2025-07-11 19:05:00,2025-07-11 19:10:00,5,Forehead,THREADING,"",783,2025-07-11 18:01:26.964636,2025-07-11 18:01:26.964636,354140,4,f,146224,
54,5,5,2025-07-11 17:42:09,2025-07-11 17:47:09,5,Eyebrows,THREADING,"",771,2025-07-11 17:42:47.975433,2025-07-11 17:42:47.975433,354123,5,f,146220,
98,39,39,2025-07-11 18:30:00,2025-07-11 18:45:00,15,Hollywood,Hot Wax,"",715,2025-07-11 17:47:13.605795,2025-07-11 17:47:13.605795,354126,39,f,146095,
119,50,45,2025-07-13 11:05:00,2025-07-13 12:00:00,55,Pedicure With Shellac Polish,,"",1290,2025-07-11 18:07:51.662608,2025-07-11 18:07:51.662608,354141,45,f,146225,
111,40,35,2025-07-19 10:30:00,2025-07-19 10:55:00,25,Hollywood,,"",1275,2025-07-11 20:38:56.383631,2025-07-11 20:38:56.383631,354142,35,f,146226,
98,7,7,2025-07-13 14:00:00,2025-07-13 14:05:00,5,Chin,Wax,"",166,2025-07-11 20:52:37.977441,2025-07-11 20:52:37.977441,354143,7,f,146227,
98,25,25,2025-07-11 18:45:00,2025-07-11 19:00:00,15,Half Legs,Strip Wax,"",214,2025-07-11 17:47:13.605795,2025-07-11 17:47:13.605795,354130,25,f,146095,
36,26,26,2025-07-11 18:30:00,2025-07-11 19:00:00,30,"Express Pedicure (Shape,Cuticle & Polish)",,"",258,2025-07-11 17:47:37.035949,2025-07-11 17:47:37.035949,354131,26,f,146127,
36,12,12,2025-07-11 19:00:00,2025-07-11 19:05:00,5,Eyebrows Tidy,Wax,"",184,2025-07-11 17:47:37.035949,2025-07-11 17:47:37.035949,354132,12,f,146127,
36,5,5,2025-07-11 18:10:00,2025-07-11 18:15:00,5,Upper Lip,Threading,"",398,2025-07-11 17:47:13.605795,2025-07-11 17:47:13.605795,354128,5,f,146095,
36,6,6,2025-07-11 18:15:00,2025-07-11 18:20:00,5,Chin,Threading,"",167,2025-07-11 17:47:13.605795,2025-07-11 17:47:13.605795,354129,6,f,146095,
36,10,10,2025-07-11 18:20:00,2025-07-11 18:25:00,5,Eyebrows Tidy,Threading,"",185,2025-07-11 17:47:13.605795,2025-07-11 17:47:13.605795,354127,10,f,146095,
51,5,5,2025-07-11 18:40:00,2025-07-11 18:45:00,5,Eyebrows,THREADING,"",771,2025-07-11 17:52:55.231012,2025-07-11 17:52:55.231012,354133,5,f,146221,
51,4,4,2025-07-11 18:45:00,2025-07-11 18:50:00,5,Cheeks,THREADING,"",785,2025-07-11 17:52:55.231012,2025-07-11 17:52:55.231012,354134,4,f,146221,
98,7,7,2025-07-13 14:05:00,2025-07-13 14:10:00,5,Upper Lip,Wax,"",397,2025-07-11 20:52:37.977441,2025-07-11 20:52:37.977441,354144,7,f,146227,
117,40,40,2025-07-12 14:30:00,2025-07-12 15:15:00,45,"Wash, Cut & Finish",Medium,"",1167,2025-07-11 21:47:20.499571,2025-07-11 21:47:20.499571,354145,40,f,146228,
117,30,30,2025-07-12 15:15:00,2025-07-12 15:55:00,40,Toner,Medium,"",1220,2025-07-11 21:47:20.499571,2025-07-11 21:47:20.499571,354146,30,f,146228,
119,40,35,2025-07-12 12:35:00,2025-07-12 13:00:00,25,Hollywood,,"",1275,2025-07-11 22:48:11.071907,2025-07-11 22:48:11.071907,354147,35,f,146229,
119,30,25,2025-07-12 15:10:00,2025-07-12 15:40:00,30,Shellac Polish (Shape & Polish),,"",1281,2025-07-11 23:08:59.370416,2025-07-11 23:08:59.370416,354148,25,f,146230,
132,50,50,2025-07-12 10:40:00,2025-07-12 11:40:00,60,BIAB Extension,,"",1454,2025-07-11 23:58:47.459619,2025-07-11 23:58:47.459619,354149,50,f,146231,
111,10,10,2025-07-12 15:25:00,2025-07-12 15:30:00,5,Eyebrows,Threading,"",1126,2025-07-12 03:06:37.509237,2025-07-12 03:06:37.509237,354150,10,f,146232,
111,7,5,2025-07-12 15:30:00,2025-07-12 15:35:00,5,Upper lip,Threading,"",1128,2025-07-12 03:06:37.509237,2025-07-12 03:06:37.509237,354151,5,f,146232,
111,15,12,2025-07-12 10:45:00,2025-07-12 11:00:00,15,Eyebrows Tint,,"",1148,2025-07-12 06:36:25.945044,2025-07-12 06:36:25.945044,354152,12,f,146233,
67,26,26,2025-07-12 09:30:00,2025-07-12 10:00:00,30,"Express Pedicure (Shape,Cuticle & Polish)",,"",258,2025-07-12 06:44:55.858248,2025-07-12 06:44:55.858248,354153,26,f,146234,
67,"0","0",2025-09-29 10:00:00,2025-09-29 10:01:00,1,patch test,,"",1542,2025-03-13 12:05:21.641399,2025-03-13 12:05:21.641399,327855,"0",f,136310,
54,35,28,2025-07-26 12:00:00,2025-07-26 12:45:00,45,"Wash, Cut and Blow dry",Medium price,"",544,2025-05-08 15:32:46.786483,2025-05-08 15:32:46.786483,339378,28,f,140645,
73,38,38,2025-07-16 12:00:00,2025-07-16 12:50:00,50,Wash/Cut/Blow Dry,Short price,"",389,2025-05-14 13:44:50.884225,2025-05-14 13:44:50.884225,340614,38,f,141152,
67,90,90,2025-07-20 12:00:00,2025-07-20 13:40:00,100,Full leg,,"",1418,2025-05-16 11:00:23.630103,2025-05-16 11:00:23.630103,340989,90,f,141299,
113,40,40,2025-07-27 14:00:00,2025-07-27 14:45:00,45,"Wash, Cut & Finish",Medium,"",1167,2025-06-01 13:48:13.581992,2025-06-01 13:48:13.581992,344585,40,f,142695,
117,50,50,2025-07-11 14:20:00,2025-07-11 15:05:00,45,"Wash, Cut & Finish",Long,"",1168,2025-06-02 15:50:16.132127,2025-06-02 15:50:16.132127,344849,50,f,142796,
117,130,130,2025-07-11 12:00:00,2025-07-11 14:20:00,140,Retouch Balayage (Toner Inc.),,"",1304,2025-06-02 15:50:16.132127,2025-06-02 15:50:16.132127,344850,130,f,142796,
117,45,45,2025-07-26 11:15:00,2025-07-26 12:15:00,60,Wash & Blowdry,Long,"",1176,2025-06-05 15:49:10.290927,2025-06-05 15:49:10.290927,345482,45,f,143054,
117,55,55,2025-07-26 11:15:00,2025-07-26 12:15:00,60,Wash & Blowdry,Extra Long,"",1177,2025-06-05 15:50:40.366002,2025-06-05 15:50:40.366002,345484,55,f,141508,
67,25,25,2025-07-18 12:00:00,2025-07-18 12:20:00,20,Upper Lip & Chin,,"",1405,2025-06-06 11:38:19.1944,2025-06-06 11:38:19.1944,345646,25,f,143124,
117,35,35,2025-08-08 09:00:00,2025-08-08 10:00:00,60,Wash & Blowdry,Medium,"",1175,2025-06-07 10:29:49.605824,2025-06-07 10:29:49.605824,345920,35,f,143203,
117,45,45,2025-08-08 10:00:00,2025-08-08 11:00:00,60,Wash & Blowdry,Long,"",1176,2025-06-07 10:29:49.605824,2025-06-07 10:29:49.605824,345921,45,f,143203,
117,55,55,2025-08-08 11:00:00,2025-08-08 12:00:00,60,Wash & Blowdry,Extra Long,"",1177,2025-06-07 10:29:49.605824,2025-06-07 10:29:49.605824,345922,55,f,143203,
117,180,160,2025-08-08 12:00:00,2025-08-08 14:00:00,120,Hair Extensions Application,Half Head,"",1306,2025-06-07 10:29:49.605824,2025-06-07 10:29:49.605824,345923,160,f,143203,
117,180,160,2025-08-08 09:00:00,2025-08-08 11:00:00,120,Hair Extensions Application,Half Head,"",1306,2025-06-07 10:31:32.741221,2025-06-07 10:31:32.741221,345928,160,f,143204,
117,35,35,2025-08-08 11:00:00,2025-08-08 12:00:00,60,Wash & Blowdry,Medium,"",1175,2025-06-07 10:31:32.741221,2025-06-07 10:31:32.741221,345929,35,f,143204,
112,45,45,2025-08-08 10:00:00,2025-08-08 11:00:00,60,Wash & Blowdry,Long,"",1176,2025-06-07 10:31:32.741221,2025-06-07 10:31:32.741221,345930,45,f,143204,
112,55,55,2025-08-08 11:00:00,2025-08-08 12:00:00,60,Wash & Blowdry,Extra Long,"",1177,2025-06-07 10:31:32.741221,2025-06-07 10:31:32.741221,345931,55,f,143204,
111,25,25,2025-07-20 10:30:00,2025-07-20 10:50:00,20,Underarms,,"",1556,2025-06-08 12:10:53.54597,2025-06-08 12:10:53.54597,346181,25,f,143286,
111,50,50,2025-07-20 10:50:00,2025-07-20 11:30:00,40,Lower Legs,,"",1566,2025-06-08 12:10:53.54597,2025-06-08 12:10:53.54597,346182,50,f,143286,
111,70,70,2025-07-20 11:30:00,2025-07-20 12:30:00,60,Hollywood,,"",1568,2025-06-08 12:10:53.54597,2025-06-08 12:10:53.54597,346183,70,f,143286,
36,39,39,2025-07-12 10:00:00,2025-07-12 10:15:00,15,Hollywood,Hot Wax,"",715,2025-06-13 10:56:16.841885,2025-06-13 10:56:16.841885,347076,39,f,143642,
73,40,40,2025-07-26 10:00:00,2025-07-26 10:40:00,40,Wash & Cut,Medium price,"",361,2025-06-14 11:58:30.262062,2025-06-14 11:58:30.262062,347470,40,f,143780,
101,35,35,2025-07-19 12:30:00,2025-07-19 13:20:00,50,Wash & Blow Dry,Medium price,"",346,2025-06-15 19:09:41.321111,2025-06-15 19:09:41.321111,347831,35,f,143876,
113,55,55,2025-08-10 10:00:00,2025-08-10 11:00:00,60,Wash & Blowdry,Extra Long,"",1177,2025-06-16 13:41:44.663498,2025-06-16 13:41:44.663498,347927,55,f,143926,
67,33,33,2025-07-12 12:45:00,2025-07-12 13:05:00,20,Full Face With Eyebrow & Neck,Threading,"",187,2025-06-16 19:50:23.046563,2025-06-16 19:50:23.046563,347988,33,f,143951,
44,25,20,2025-07-13 12:30:00,2025-07-13 12:50:00,20,Dry Cut,Medium price,"",1373,2025-06-19 11:39:58.649254,2025-06-19 11:39:58.649254,348501,20,f,144179,
67,9,9,2025-07-20 10:00:00,2025-07-20 10:05:00,5,Face Sides,Wax,"",170,2025-06-19 11:10:26.43108,2025-06-19 11:10:26.43108,348486,9,f,144175,
67,10,10,2025-07-20 10:05:00,2025-07-20 10:10:00,5,Eyebrows Tidy,Threading,"",185,2025-06-19 11:10:26.43108,2025-06-19 11:10:26.43108,348487,10,f,144175,
104,72,72,2025-07-20 10:10:00,2025-07-20 11:50:00,100,Full Head Colour From,Long price,"",378,2025-06-19 11:10:26.43108,2025-06-19 11:10:26.43108,348488,72,f,144175,
104,50,50,2025-07-20 11:50:00,2025-07-20 12:50:00,60,Wash/Cut/Blow Dry,Long price,"",391,2025-06-19 11:10:26.43108,2025-06-19 11:10:26.43108,348489,50,f,144175,
51,12,12,2025-07-13 12:50:00,2025-07-13 13:00:00,10,File & Polish,,"",486,2025-06-19 11:39:58.649254,2025-06-19 11:39:58.649254,348499,12,f,144179,
51,35,25,2025-07-13 13:00:00,2025-07-13 13:30:00,30,Lash Lift,,"",1371,2025-06-19 11:39:58.649254,2025-06-19 11:39:58.649254,348500,25,f,144179,
101,45,45,2025-07-19 11:25:00,2025-07-19 12:05:00,40,Wash & Cut,Long price,"",362,2025-06-19 15:35:39.218343,2025-06-19 15:35:39.218343,348600,45,f,144211,
101,45,45,2025-07-19 09:55:00,2025-07-19 11:25:00,90,Root's Colour From,,"",734,2025-06-19 15:35:39.218343,2025-06-19 15:35:39.218343,348601,45,f,144211,
101,28,28,2025-07-29 18:00:00,2025-07-29 18:50:00,50,Wash & Blow Dry,Short price,"",345,2025-06-19 15:36:27.930761,2025-06-19 15:36:27.930761,348603,28,f,144212,
73,70,70,2025-07-12 09:30:00,2025-07-12 11:00:00,90,T section high lights ( Toner not Inc.),Medium price,"",381,2025-06-19 18:03:37.028953,2025-06-19 18:03:37.028953,348694,70,f,144221,
67,10,10,2025-07-12 11:40:00,2025-07-12 11:45:00,5,Eyebrows Tidy,Threading,"",185,2025-06-19 18:03:37.028953,2025-06-19 18:03:37.028953,348696,10,f,144221,
73,40,40,2025-07-12 11:00:00,2025-07-12 11:40:00,40,Wash & Cut,Medium price,"",361,2025-06-19 18:03:37.028953,2025-06-19 18:03:37.028953,348695,40,f,144221,
104,40,40,2025-07-13 13:30:00,2025-07-13 14:10:00,40,Wash & Cut,Medium price,"",361,2025-06-21 09:28:26.998912,2025-06-21 09:28:26.998912,349105,40,f,144371,
98,45,45,2025-07-13 12:00:00,2025-07-13 13:30:00,90,Root's Colour From,,"",734,2025-06-21 09:28:26.998912,2025-06-21 09:28:26.998912,349104,45,f,144371,
73,12,12,2025-07-19 13:00:00,2025-07-19 13:30:00,30,Children- BOY (up to 7 yer.),,"",296,2025-06-23 09:34:44.479974,2025-06-23 09:34:44.479974,349681,12,f,144547,
67,46,46,2025-07-14 11:30:00,2025-07-14 12:20:00,50,Individual Eyelashes (3 week top up),,"",231,2025-06-23 11:06:56.259018,2025-06-23 11:06:56.259018,349703,46,f,144558,
98,39,39,2025-07-17 13:00:00,2025-07-17 13:45:00,45,"Luxury Pedicure (shape, Cuticle,Dead Skin Removal , Scrub, massage & polish)",,"",261,2025-06-26 11:18:57.121164,2025-06-26 11:18:57.121164,350227,39,f,144038,
98,48,48,2025-07-17 13:45:00,2025-07-17 14:30:00,45,Eyelash Lift Inc Eyelash tint,,"",741,2025-06-26 11:18:57.121164,2025-06-26 11:18:57.121164,350228,48,f,144038,
98,10,10,2025-07-17 14:30:00,2025-07-17 14:35:00,5,Eyebrows Tidy,Threading,"",185,2025-06-26 11:18:57.121164,2025-06-26 11:18:57.121164,350229,10,f,144038,
54,60,60,2025-07-26 10:00:00,2025-07-26 11:00:00,60,Chest And Stomach,Back,"",1501,2025-06-26 11:50:29.583828,2025-06-26 11:50:29.583828,350254,60,f,144800,
